{
"type": "FeatureCollection",
"name": "localidades_bogota",
"crs": { "type": "name", "properties": { "name": "urn:ogc:def:crs:OGC:1.3:CRS84" } },
"features": [
{ "type": "Feature", "properties": { "codigo_localidad": 1, "nombre_localidad": "Usaquén" }, "geometry": { "type": "Polygon", "coordinates": [ [ [ -74.011161938389222, 4.664585311435621 ], [ -74.01182184798347, 4.665935394102505 ], [ -74.012129017013393, 4.666231462685741 ], [ -74.012717874360234, 4.666436332065938 ], [ -74.013732392116253, 4.666244231098333 ], [ -74.014459999648622, 4.666415236121995 ], [ -74.01446750507283, 4.667036713841579 ], [ -74.013214080367007, 4.668016224147925 ], [ -74.013081497115877, 4.668284369034883 ], [ -74.013092984771745, 4.668635372579325 ], [ -74.013570831909036, 4.669450851955037 ], [ -74.014114206654725, 4.669877236600946 ], [ -74.016229200159657, 4.67060652985671 ], [ -74.017077350823371, 4.672192160566794 ], [ -74.017523184698888, 4.67260136306462 ], [ -74.01834492938481, 4.672760492678945 ], [ -74.018557262371885, 4.67334161320625 ], [ -74.01897472565409, 4.673849657471465 ], [ -74.0196000213638, 4.674017278092076 ], [ -74.02058069958305, 4.674021290056322 ], [ -74.02089079083261, 4.674165822821005 ], [ -74.021614816781948, 4.675012886469196 ], [ -74.022925064421074, 4.674999521033421 ], [ -74.023943781801023, 4.675839898277765 ], [ -74.024824797329401, 4.675500465952199 ], [ -74.027032548175612, 4.67588012704448 ], [ -74.028088223144692, 4.675470531622414 ], [ -74.030505577896164, 4.675580495556522 ], [ -74.030901678342588, 4.675880950743945 ], [ -74.031096996339883, 4.676923678280573 ], [ -74.031443029183947, 4.677330092663278 ], [ -74.033321188152428, 4.677770539832144 ], [ -74.038263520317969, 4.679968647675227 ], [ -74.043312410642528, 4.682612578966567 ], [ -74.048361386307036, 4.684975293874137 ], [ -74.050016372317899, 4.685481669785021 ], [ -74.057247032414026, 4.686836296175763 ], [ -74.046835398370959, 4.748819926278677 ], [ -74.046729115096426, 4.751046995591833 ], [ -74.042135967064979, 4.777017082770682 ], [ -74.035082396352379, 4.820499262095804 ], [ -74.035006259640468, 4.823139530399021 ], [ -74.034497355947195, 4.825469351614303 ], [ -74.033764646882332, 4.825365057177452 ], [ -74.033597785716609, 4.825841291084049 ], [ -74.030547836443759, 4.82383950897588 ], [ -74.029816756922813, 4.823158706861632 ], [ -74.029280660327572, 4.823262563021715 ], [ -74.026754862751631, 4.823002756544245 ], [ -74.025704674692307, 4.823118355100883 ], [ -74.025283722353535, 4.822838144867467 ], [ -74.025137470337071, 4.822362644655447 ], [ -74.024089469675488, 4.821926479070017 ], [ -74.023276428766337, 4.821879786092689 ], [ -74.02226183465352, 4.822556344758484 ], [ -74.021501913822092, 4.822676040423735 ], [ -74.020852042002829, 4.822356780623693 ], [ -74.019747066592672, 4.822231919970145 ], [ -74.018806596067208, 4.821863025566095 ], [ -74.017681012406086, 4.821651223819377 ], [ -74.016641084903952, 4.821191065423134 ], [ -74.015962370875869, 4.821131890605297 ], [ -74.014240168423868, 4.821529909566785 ], [ -74.013595264288142, 4.821383311263186 ], [ -74.012610446632053, 4.821688751512456 ], [ -74.011268264782899, 4.821386782603111 ], [ -74.007815689701374, 4.821822769507907 ], [ -74.005600489126493, 4.821690075418967 ], [ -74.005130105192592, 4.821105508232522 ], [ -74.004721999660688, 4.819892618871702 ], [ -74.004298107136009, 4.819506501616013 ], [ -74.004075286317985, 4.818888567105677 ], [ -74.003584975954453, 4.818559121513893 ], [ -74.00428739921783, 4.817700490691434 ], [ -74.003889936027107, 4.816924383768957 ], [ -74.004072058671184, 4.816219276952541 ], [ -74.00389360025514, 4.815790973949976 ], [ -74.004679129360397, 4.814163696859513 ], [ -74.004452772773419, 4.813554281083172 ], [ -74.005071432628128, 4.81256680526548 ], [ -74.004959452238069, 4.810261004180928 ], [ -74.003584834020629, 4.809069870970578 ], [ -74.002610117919929, 4.807632516247649 ], [ -74.001733057673746, 4.807305831235618 ], [ -74.001510610554874, 4.80694374982313 ], [ -74.001038420108927, 4.806742410489522 ], [ -74.000731533149988, 4.806329285168056 ], [ -74.000710594319045, 4.80586671828295 ], [ -74.000407926746988, 4.805567856604084 ], [ -74.001278500258493, 4.804260999762035 ], [ -74.001141651806435, 4.803227803575848 ], [ -74.001287591209163, 4.802466430628259 ], [ -74.001890093066848, 4.80240246059204 ], [ -74.002188838594392, 4.801743469148819 ], [ -74.002523604768157, 4.801685098286602 ], [ -74.002919089868641, 4.800982159891089 ], [ -74.004396642441208, 4.799890891182875 ], [ -74.005035662611832, 4.799619818186416 ], [ -74.005067980402487, 4.799070804157047 ], [ -74.005993273891221, 4.797831831542902 ], [ -74.006071066198189, 4.797358523142282 ], [ -74.006331149134198, 4.797825627136155 ], [ -74.007200289832824, 4.798070263869977 ], [ -74.007990835130627, 4.797916244052958 ], [ -74.008600564833102, 4.797574060819629 ], [ -74.011940728333229, 4.797722715078374 ], [ -74.012793526880216, 4.797900817631281 ], [ -74.013248599030106, 4.797482033072558 ], [ -74.01343398884687, 4.79641990101034 ], [ -74.013976614397606, 4.795940067631324 ], [ -74.014117101924882, 4.795385132668396 ], [ -74.014388271868143, 4.795148912266719 ], [ -74.014184907660848, 4.794874531519081 ], [ -74.014736366345787, 4.794101932741569 ], [ -74.014705928729015, 4.793572043231729 ], [ -74.01505610370485, 4.793276147249236 ], [ -74.015764878955594, 4.790923643141947 ], [ -74.016024923264055, 4.787872381921101 ], [ -74.016342092339727, 4.787467389539586 ], [ -74.016556957677594, 4.786456283432396 ], [ -74.016344872625524, 4.784430689202567 ], [ -74.016089080043329, 4.783901258591065 ], [ -74.015982179626192, 4.782959641487649 ], [ -74.015995040806132, 4.776811920194699 ], [ -74.015715303630017, 4.776038981441586 ], [ -74.016009883669554, 4.774850345265364 ], [ -74.01659523219692, 4.774111521217732 ], [ -74.016503622004223, 4.772704664983131 ], [ -74.017443510421387, 4.771532781211909 ], [ -74.017596790856629, 4.770714404061776 ], [ -74.017379873766657, 4.770064967049667 ], [ -74.0176730425529, 4.769495763935971 ], [ -74.018047972403025, 4.769273759411065 ], [ -74.01837573441253, 4.768095324929145 ], [ -74.018145447696199, 4.767072728010403 ], [ -74.017155388370412, 4.765908506572437 ], [ -74.017112315050852, 4.764505665563812 ], [ -74.016925975714841, 4.763930402631092 ], [ -74.016569057086144, 4.763787635116094 ], [ -74.016031305794144, 4.763194743946239 ], [ -74.015933195392066, 4.761855701139038 ], [ -74.016128658916443, 4.761076436968744 ], [ -74.015962590064802, 4.760361009811262 ], [ -74.014583258387063, 4.759574900009584 ], [ -74.01405666596753, 4.759614999489421 ], [ -74.013690909713063, 4.759464722887676 ], [ -74.012750673647886, 4.759651255798301 ], [ -74.012921995847307, 4.75906590864823 ], [ -74.012493692594589, 4.758642364654201 ], [ -74.012389111627499, 4.758898506397691 ], [ -74.012066692797305, 4.758853228036978 ], [ -74.012246056715142, 4.758250785995839 ], [ -74.010510478348564, 4.756720637866588 ], [ -74.010345327575138, 4.756225186417121 ], [ -74.010017322122195, 4.755870803770757 ], [ -74.009222540369521, 4.75554050422687 ], [ -74.008933528088107, 4.754952158163659 ], [ -74.008789019701609, 4.753300662924545 ], [ -74.009121042420517, 4.752208263749871 ], [ -74.009451340374071, 4.751864205487703 ], [ -74.009528905407279, 4.75129809912903 ], [ -74.009225372757612, 4.75085189927692 ], [ -74.009699003202954, 4.749844406127854 ], [ -74.009508582820601, 4.748942599847653 ], [ -74.009746528573061, 4.748040783435975 ], [ -74.009427681444436, 4.747617239826801 ], [ -74.008478276275156, 4.746948610479335 ], [ -74.008538952981027, 4.746136025809739 ], [ -74.008267694104561, 4.744833269601822 ], [ -74.007921481597435, 4.74436808564178 ], [ -74.007852478407216, 4.743711356233536 ], [ -74.00739252930363, 4.743152657553504 ], [ -74.007166768299697, 4.742340565273745 ], [ -74.007221818856934, 4.742051554002134 ], [ -74.007869273309751, 4.741518333434599 ], [ -74.008112981754763, 4.740713003682423 ], [ -74.008090416074822, 4.740432926249396 ], [ -74.007721760956954, 4.740050094517749 ], [ -74.007759810897454, 4.739635096477108 ], [ -74.007331327981646, 4.739205337403937 ], [ -74.007928224351971, 4.737659714777587 ], [ -74.007963249664897, 4.736129131548048 ], [ -74.008287091426496, 4.735777730502332 ], [ -74.008430195746215, 4.732567922503931 ], [ -74.007421533209225, 4.731469881769087 ], [ -74.008012945364726, 4.730687840223601 ], [ -74.00800997104281, 4.730324971772686 ], [ -74.006700077339914, 4.72737983270275 ], [ -74.007109282409715, 4.726155162527832 ], [ -74.008165825151352, 4.724580397705632 ], [ -74.008307069060095, 4.723319554792366 ], [ -74.008165826049662, 4.722216639896555 ], [ -74.008425820950762, 4.720029221419072 ], [ -74.009168781589651, 4.718652454188655 ], [ -74.00845270483228, 4.7178444702227 ], [ -74.007431801851226, 4.717222112917781 ], [ -74.006911581181996, 4.71653004818226 ], [ -74.00705891297342, 4.716333447027703 ], [ -74.007670150947249, 4.716412443277884 ], [ -74.008453871743839, 4.715949757733966 ], [ -74.009508098628672, 4.715647767399356 ], [ -74.009546867221388, 4.715259055234304 ], [ -74.009946822338705, 4.714726365532034 ], [ -74.009996766871865, 4.713336339472717 ], [ -74.010761950034251, 4.712545839482884 ], [ -74.010506100858166, 4.710796155197182 ], [ -74.011375255929863, 4.7097725791107 ], [ -74.01165127318238, 4.70847815228921 ], [ -74.01195782596804, 4.70457742162811 ], [ -74.01236233464553, 4.703111673994571 ], [ -74.012738290371701, 4.702478737274868 ], [ -74.013248295399535, 4.702117811192077 ], [ -74.013138514983609, 4.701546523421186 ], [ -74.012685481111106, 4.701042151193711 ], [ -74.012837513786408, 4.70059967653321 ], [ -74.01316051292828, 4.700439242546845 ], [ -74.013140311614166, 4.699557504498302 ], [ -74.013843548751197, 4.698697119941223 ], [ -74.014079414005451, 4.697224946916855 ], [ -74.014826327231589, 4.697251833615422 ], [ -74.014443234390484, 4.696458761073082 ], [ -74.014369527621412, 4.695723338689926 ], [ -74.013895778598453, 4.695532199257158 ], [ -74.013486512443222, 4.694930194576146 ], [ -74.012832158929015, 4.6948159810046 ], [ -74.011907501447482, 4.694077870983009 ], [ -74.011349754555567, 4.693937167065569 ], [ -74.011383067679574, 4.693041536429111 ], [ -74.011897415163475, 4.69243761722934 ], [ -74.012133248078399, 4.691861102795015 ], [ -74.012520060843102, 4.691700605022543 ], [ -74.011993099215985, 4.691053393929193 ], [ -74.011881977615317, 4.68988103350342 ], [ -74.011348621780002, 4.688906168208321 ], [ -74.0112417231595, 4.687132935190507 ], [ -74.011467085311466, 4.686968119140433 ], [ -74.011580082594435, 4.686394111541961 ], [ -74.011907635296467, 4.6859917707247 ], [ -74.011647149016909, 4.685257143994984 ], [ -74.011015348606236, 4.684693510788204 ], [ -74.011174990011995, 4.683303561820587 ], [ -74.009458783814509, 4.682179078926937 ], [ -74.007973524595116, 4.681615385939186 ], [ -74.006862507116338, 4.680978213672033 ], [ -74.006201967803079, 4.680902069474176 ], [ -74.005012375584712, 4.679838186068992 ], [ -74.003635685852245, 4.679510547057367 ], [ -74.003299061064126, 4.677469209828947 ], [ -74.002721023026581, 4.676789504987542 ], [ -74.002677122358634, 4.676152519032303 ], [ -74.002213127243039, 4.675826532857767 ], [ -74.001993612225263, 4.675269669675952 ], [ -74.002006114079066, 4.674608249757103 ], [ -74.002436796070683, 4.674129976585174 ], [ -74.003025533941582, 4.673014045468033 ], [ -74.003120713140888, 4.671850489043177 ], [ -74.003757218927021, 4.670917741007182 ], [ -74.004535838191117, 4.670135998583811 ], [ -74.004745230093945, 4.669663913591712 ], [ -74.005783684359031, 4.66874182250178 ], [ -74.00653157135892, 4.667767690595504 ], [ -74.00674869685804, 4.667241235596152 ], [ -74.006843578714978, 4.66609845665811 ], [ -74.007938350161851, 4.664882654656371 ], [ -74.008235859607524, 4.664249063761138 ], [ -74.008783166279215, 4.663801332559553 ], [ -74.010024627222094, 4.663688411258008 ], [ -74.010795059240678, 4.664515393442247 ], [ -74.011161938389222, 4.664585311435621 ] ] ] } },
{ "type": "Feature", "properties": { "codigo_localidad": 2, "nombre_localidad": "Chapinero" }, "geometry": { "type": "Polygon", "coordinates": [ [ [ -74.011161938389222, 4.664585311435621 ], [ -74.011630628998816, 4.664604862973265 ], [ -74.012778063280919, 4.664045334406658 ], [ -74.013218350059532, 4.664229192577098 ], [ -74.013824232277628, 4.664113324778706 ], [ -74.014967519936377, 4.663399490008564 ], [ -74.015824342935829, 4.663129370817895 ], [ -74.016463040611271, 4.662258760525555 ], [ -74.017161508592451, 4.661951881683549 ], [ -74.018521179741867, 4.661907743944496 ], [ -74.02046895994151, 4.662757924752637 ], [ -74.025306227846357, 4.663124587902082 ], [ -74.025259114802964, 4.662600391951709 ], [ -74.024912630106314, 4.662338907139625 ], [ -74.024954867094337, 4.661965318099988 ], [ -74.025341192073853, 4.661701861504993 ], [ -74.026034209077878, 4.660211725249322 ], [ -74.025593117408761, 4.656782000157208 ], [ -74.025943016601815, 4.656393313452968 ], [ -74.027193185813047, 4.655871736757108 ], [ -74.027474192308645, 4.655364017927839 ], [ -74.028809172364163, 4.654267015196831 ], [ -74.02887498923009, 4.653794466493304 ], [ -74.029390379658054, 4.65290359709067 ], [ -74.029369469573169, 4.652728736962865 ], [ -74.028864231006253, 4.652567726146384 ], [ -74.028462101965943, 4.652167976785285 ], [ -74.028409279230615, 4.649298585023175 ], [ -74.02852844165136, 4.648215193070824 ], [ -74.028765209712489, 4.647932703113482 ], [ -74.028935725224756, 4.647222641993864 ], [ -74.029247049861212, 4.647061820631063 ], [ -74.029922491326701, 4.647050533694776 ], [ -74.031019783446254, 4.646392785962067 ], [ -74.031512830078171, 4.645465552725672 ], [ -74.031498768749017, 4.64496604942652 ], [ -74.030204652157451, 4.643755317186891 ], [ -74.028718453300257, 4.643022294642035 ], [ -74.027320299222382, 4.64271378769492 ], [ -74.024417026869116, 4.642430427026575 ], [ -74.022626413216656, 4.642594855092097 ], [ -74.021938877732495, 4.642454897436417 ], [ -74.018811676938455, 4.64093794262376 ], [ -74.01816025462702, 4.641142335866432 ], [ -74.017679071146759, 4.641058769213093 ], [ -74.01696004342368, 4.640373327449842 ], [ -74.015353180162563, 4.639543294135407 ], [ -74.013658144561404, 4.639368385925327 ], [ -74.012880675140863, 4.639550503668827 ], [ -74.012130424673458, 4.639462571889224 ], [ -74.011623725445887, 4.638873707054584 ], [ -74.011198880706985, 4.638628991827282 ], [ -74.010307375551022, 4.63889208457726 ], [ -74.00933971931012, 4.638805237011979 ], [ -74.00984781541797, 4.635259195851583 ], [ -74.010346044430747, 4.634205637847763 ], [ -74.010507529179478, 4.633349113748662 ], [ -74.01056557202493, 4.632401184562448 ], [ -74.010114403953267, 4.631484719619641 ], [ -74.010169998889566, 4.631168562858962 ], [ -74.010454471085538, 4.630851180177971 ], [ -74.01043513125579, 4.630426322712381 ], [ -74.009506851767043, 4.630218722687601 ], [ -74.009344698671754, 4.629852025410557 ], [ -74.00970153465542, 4.629126542803253 ], [ -74.009560967178075, 4.628512750773381 ], [ -74.009151881584231, 4.627986544019263 ], [ -74.00967589314395, 4.627495695708455 ], [ -74.009809140250056, 4.626713952563682 ], [ -74.009446345741097, 4.626285141264716 ], [ -74.007899248294166, 4.625937160056924 ], [ -74.007273300407562, 4.625532657217712 ], [ -74.006215175732706, 4.625670287525552 ], [ -74.005461814399453, 4.626070479884359 ], [ -74.005394816248952, 4.626392424027248 ], [ -74.00369287439986, 4.627096224942184 ], [ -74.002537074107536, 4.62716546973346 ], [ -73.999376492815855, 4.626906247858195 ], [ -73.998862189349396, 4.627069763554007 ], [ -73.998003119663409, 4.62806772690909 ], [ -73.996261191106072, 4.628777501960554 ], [ -73.994293783615802, 4.629057637554777 ], [ -73.993574621145441, 4.629440380535105 ], [ -73.993011159171672, 4.630046389979769 ], [ -73.992536630411038, 4.630152213592176 ], [ -73.988465613765442, 4.629823031083843 ], [ -73.988008189826147, 4.629911553225434 ], [ -73.98698119536914, 4.63052563951833 ], [ -73.98662887162314, 4.629912994793608 ], [ -73.986534278125404, 4.629327740252509 ], [ -73.986959802888975, 4.627493540511857 ], [ -73.987800906269257, 4.626334855921795 ], [ -73.991058124725939, 4.623136285513612 ], [ -73.991507347046706, 4.622571142171608 ], [ -73.991953871726665, 4.621483475816312 ], [ -73.992173137012799, 4.620718490528629 ], [ -73.991208518874188, 4.61790947946338 ], [ -73.992092854575858, 4.616262384568796 ], [ -73.992447099818264, 4.616145729897855 ], [ -73.994457091046257, 4.61424951171999 ], [ -73.996262932041091, 4.614790950524702 ], [ -73.997479420717383, 4.614845811868889 ], [ -73.999927026236051, 4.615353964532095 ], [ -74.000323563263706, 4.615590913924505 ], [ -74.001804877082392, 4.615716442119594 ], [ -74.002353619261896, 4.616062246251375 ], [ -74.003670459636879, 4.616518167520544 ], [ -74.005121025920005, 4.616274269229057 ], [ -74.006132770576741, 4.615726321088732 ], [ -74.007821614988984, 4.615605202750513 ], [ -74.008509587054391, 4.615860709259993 ], [ -74.009842011402924, 4.616891828960097 ], [ -74.010916446788386, 4.617116830515036 ], [ -74.011421558692874, 4.61782313791003 ], [ -74.012001753585409, 4.618247613436358 ], [ -74.013202210927147, 4.618639301912887 ], [ -74.013922144152033, 4.61852885184805 ], [ -74.014483637018685, 4.618138994401151 ], [ -74.014939152936336, 4.617661549666469 ], [ -74.015912763210935, 4.615929410744719 ], [ -74.017865713215016, 4.614471187688745 ], [ -74.018479037975254, 4.614250476069848 ], [ -74.021649484565373, 4.613798746522489 ], [ -74.022394150206665, 4.61389266547591 ], [ -74.023908788827455, 4.614609744200009 ], [ -74.024665092143252, 4.615324421625929 ], [ -74.025298127737443, 4.616254329539411 ], [ -74.028090279388394, 4.617901704712635 ], [ -74.02907521292714, 4.61724637699526 ], [ -74.030749458817709, 4.616886359854311 ], [ -74.031488854941557, 4.616530134553395 ], [ -74.032384742977769, 4.615522531170168 ], [ -74.031939270224996, 4.616595041264752 ], [ -74.031538300011405, 4.617119261526399 ], [ -74.032151968826383, 4.617351568576542 ], [ -74.032591651038842, 4.617228549581525 ], [ -74.033284235953218, 4.61733262191562 ], [ -74.034886685791335, 4.616603449973563 ], [ -74.035294924273884, 4.616790592294895 ], [ -74.035332537633138, 4.61702385842632 ], [ -74.035866984921526, 4.617544562136924 ], [ -74.036744783582876, 4.616088510166775 ], [ -74.038126714086715, 4.615015865891674 ], [ -74.039263037107062, 4.613815002587808 ], [ -74.039732237061415, 4.613042698942617 ], [ -74.040777300232037, 4.612567800000154 ], [ -74.041808114325633, 4.612732296785614 ], [ -74.042223174614449, 4.612504750887922 ], [ -74.043580562246404, 4.612567038009761 ], [ -74.045585951405215, 4.613911400913273 ], [ -74.045723760156321, 4.614792273930463 ], [ -74.045969673965345, 4.615199580135283 ], [ -74.047494222800324, 4.616191396261355 ], [ -74.047884386281055, 4.616803875561937 ], [ -74.048025031911834, 4.617564836669749 ], [ -74.048897488292184, 4.619271796604885 ], [ -74.049166828367177, 4.621212425485195 ], [ -74.049376217575073, 4.621624385845267 ], [ -74.050388022418929, 4.621948189055963 ], [ -74.055333649604947, 4.622748883081984 ], [ -74.056337382187664, 4.623468786767942 ], [ -74.056690485671325, 4.623927094865329 ], [ -74.059627496051718, 4.624098886455633 ], [ -74.06058462763076, 4.624384885130286 ], [ -74.062415658284479, 4.625330168433143 ], [ -74.064398315575019, 4.624982191233047 ], [ -74.06516516780718, 4.625058273429944 ], [ -74.065586778611078, 4.625357051614928 ], [ -74.066663906247427, 4.626883017022124 ], [ -74.06745040822814, 4.627352615533517 ], [ -74.067575956772245, 4.628020731662121 ], [ -74.067944445701798, 4.628172043882453 ], [ -74.068407214617039, 4.62880396955259 ], [ -74.064132778068611, 4.652386746180651 ], [ -74.063468339168708, 4.654242786047159 ], [ -74.062511289336371, 4.655727534192713 ], [ -74.057247032414026, 4.686836296175763 ], [ -74.050016372317899, 4.685481669785021 ], [ -74.048361386307036, 4.684975293874137 ], [ -74.043312410642528, 4.682612578966567 ], [ -74.038263520317969, 4.679968647675227 ], [ -74.033321188152428, 4.677770539832144 ], [ -74.031443029183947, 4.677330092663278 ], [ -74.031096996339883, 4.676923678280573 ], [ -74.030901678342588, 4.675880950743945 ], [ -74.030505577896164, 4.675580495556522 ], [ -74.028088223144692, 4.675470531622414 ], [ -74.027032548175612, 4.67588012704448 ], [ -74.024824797329401, 4.675500465952199 ], [ -74.023943781801023, 4.675839898277765 ], [ -74.022925064421074, 4.674999521033421 ], [ -74.021614816781948, 4.675012886469196 ], [ -74.02089079083261, 4.674165822821005 ], [ -74.02058069958305, 4.674021290056322 ], [ -74.0196000213638, 4.674017278092076 ], [ -74.01897472565409, 4.673849657471465 ], [ -74.018557262371885, 4.67334161320625 ], [ -74.01834492938481, 4.672760492678945 ], [ -74.017523184698888, 4.67260136306462 ], [ -74.017077350823371, 4.672192160566794 ], [ -74.016229200159657, 4.67060652985671 ], [ -74.014114206654725, 4.669877236600946 ], [ -74.013570831909036, 4.669450851955037 ], [ -74.013092984771745, 4.668635372579325 ], [ -74.013081497115877, 4.668284369034883 ], [ -74.013214080367007, 4.668016224147925 ], [ -74.01446750507283, 4.667036713841579 ], [ -74.014459999648622, 4.666415236121995 ], [ -74.013732392116253, 4.666244231098333 ], [ -74.012717874360234, 4.666436332065938 ], [ -74.012129017013393, 4.666231462685741 ], [ -74.01182184798347, 4.665935394102505 ], [ -74.011161938389222, 4.664585311435621 ] ] ] } },
{ "type": "Feature", "properties": { "codigo_localidad": 3, "nombre_localidad": "Santa Fe" }, "geometry": { "type": "Polygon", "coordinates": [ [ [ -73.994457090147947, 4.614249512615409 ], [ -73.994741351239824, 4.613790626100622 ], [ -73.994772456304844, 4.613164510761631 ], [ -73.994485113991544, 4.609616890680585 ], [ -73.995556233695297, 4.607572590626554 ], [ -73.996613955924886, 4.60626344847392 ], [ -73.993938402902884, 4.60240089407657 ], [ -73.993739864445317, 4.600524034947783 ], [ -73.994919433261742, 4.598427431248673 ], [ -73.994988557724525, 4.597410581125811 ], [ -73.995594535164059, 4.597281056103246 ], [ -73.999214336127295, 4.592639527878863 ], [ -74.000145773194248, 4.591988465111246 ], [ -74.001062071852047, 4.591686617685238 ], [ -74.001836905615534, 4.59175916828025 ], [ -74.002226100712363, 4.59236581159841 ], [ -74.002515192943847, 4.59244814560558 ], [ -74.00272218095499, 4.592396497132714 ], [ -74.002819701163901, 4.592169824942713 ], [ -74.002745040383999, 4.591124692602922 ], [ -74.001852000905558, 4.589925505536024 ], [ -74.001596822771006, 4.589219314614343 ], [ -74.001691976817469, 4.588866513937544 ], [ -74.002299315204652, 4.588584937863221 ], [ -74.003738257288006, 4.587116543031895 ], [ -74.004043199394346, 4.585760689408935 ], [ -74.004507331952198, 4.585068279674196 ], [ -74.004561143732658, 4.583493520552587 ], [ -74.004425222341979, 4.582601482048443 ], [ -74.004591949658703, 4.580863612073874 ], [ -74.004778279113253, 4.580306949074878 ], [ -74.005761680126142, 4.579422272546571 ], [ -74.006091765178965, 4.578617335515217 ], [ -74.005964946417038, 4.577599382638957 ], [ -74.005704235558667, 4.577099406277835 ], [ -74.004965028979342, 4.576340009291959 ], [ -74.004512090328262, 4.575341903570699 ], [ -74.004445555708415, 4.573781101083028 ], [ -74.004835682358205, 4.572232682044025 ], [ -74.005446108255029, 4.567801499114572 ], [ -74.005820461386762, 4.566625176223446 ], [ -74.006839148224003, 4.565489237768426 ], [ -74.006668997427724, 4.564384200953607 ], [ -74.006710582238867, 4.561989530202583 ], [ -74.006551595704934, 4.559618053152203 ], [ -74.006845468770351, 4.559310772677524 ], [ -74.008366112628792, 4.559260303837853 ], [ -74.011452266702534, 4.560037395523246 ], [ -74.01432310807742, 4.560327221159371 ], [ -74.018104008412138, 4.560332251917512 ], [ -74.01948459773125, 4.559968390468207 ], [ -74.020999944224471, 4.559264299437018 ], [ -74.021819415274408, 4.557887979867035 ], [ -74.022374201319167, 4.556160626457057 ], [ -74.023098979158377, 4.555756101074229 ], [ -74.024001518320972, 4.555751886063668 ], [ -74.024571354739976, 4.556013779926922 ], [ -74.027674000085725, 4.558304421016861 ], [ -74.029002091859653, 4.558300132592373 ], [ -74.029322852399844, 4.56204048598573 ], [ -74.029778992646598, 4.562524315909801 ], [ -74.031009000967899, 4.563353709223237 ], [ -74.03113474803969, 4.564421325194987 ], [ -74.031440421374668, 4.565208729741475 ], [ -74.031469135124411, 4.56599250052527 ], [ -74.032487122174061, 4.567457774134742 ], [ -74.031672776012812, 4.569868497445614 ], [ -74.03166724418729, 4.570644926645274 ], [ -74.033699251326269, 4.572474986266742 ], [ -74.03418470629569, 4.572642166130367 ], [ -74.034568277938874, 4.572546111454352 ], [ -74.035582051889833, 4.571346400727785 ], [ -74.03614077884373, 4.571160745475686 ], [ -74.036518789915263, 4.571491924216973 ], [ -74.036950811294986, 4.572246520428823 ], [ -74.037373636621098, 4.571948814214707 ], [ -74.037722832433303, 4.57203149890602 ], [ -74.038069176992778, 4.571629409156815 ], [ -74.03838653381635, 4.571695594191109 ], [ -74.038803284734541, 4.572392555040768 ], [ -74.038963123769676, 4.572424514771256 ], [ -74.03978608387618, 4.572341107492016 ], [ -74.040034003623248, 4.571937723981347 ], [ -74.040793423194771, 4.571635235897205 ], [ -74.041104012110992, 4.572045932773411 ], [ -74.041617820605722, 4.572321455806121 ], [ -74.042318922447322, 4.571926304219672 ], [ -74.042815973768754, 4.572082143252324 ], [ -74.043633022960677, 4.571925136543896 ], [ -74.044311291424407, 4.572053480578273 ], [ -74.045357531388021, 4.572933280607471 ], [ -74.04650227791079, 4.573455982943834 ], [ -74.048115651262748, 4.573327777060779 ], [ -74.048948492837383, 4.573540845207453 ], [ -74.049844683605841, 4.574340562974125 ], [ -74.051840904558858, 4.574876698767998 ], [ -74.052747231018699, 4.575249239440859 ], [ -74.053135440663667, 4.575613670704044 ], [ -74.053906594927739, 4.575744874151563 ], [ -74.056388052559555, 4.578012329044854 ], [ -74.059038670145924, 4.57857767788983 ], [ -74.06070992734152, 4.579281838603065 ], [ -74.061213427668378, 4.579646805081042 ], [ -74.0614045460417, 4.580101944648809 ], [ -74.062039761847117, 4.580494963246665 ], [ -74.06245454186157, 4.581392217660268 ], [ -74.062744269201943, 4.581388455000171 ], [ -74.063641368167154, 4.582238753897522 ], [ -74.064947234722638, 4.582228818050922 ], [ -74.065342896791208, 4.582553544477068 ], [ -74.065631883919792, 4.583469528067988 ], [ -74.066212477664351, 4.583596786546693 ], [ -74.066377730845687, 4.583508743968974 ], [ -74.06646728838794, 4.582616036587542 ], [ -74.067186814676006, 4.582604683259063 ], [ -74.067225773711556, 4.582247136148696 ], [ -74.067563862753573, 4.58222457543722 ], [ -74.067314888384374, 4.58210547868776 ], [ -74.067019709168548, 4.582300004054795 ], [ -74.066928620897045, 4.581294069712311 ], [ -74.067462622621065, 4.580795902943018 ], [ -74.068288541778131, 4.580893246849164 ], [ -74.069417616292412, 4.579389509912007 ], [ -74.06922075139623, 4.578405667570508 ], [ -74.069997794116986, 4.576968623940389 ], [ -74.070189625752647, 4.577071822822396 ], [ -74.070463591253045, 4.577759489940668 ], [ -74.071213079949104, 4.576611352498022 ], [ -74.071578617014623, 4.576544868837353 ], [ -74.071964434446016, 4.577626896229 ], [ -74.072133394076218, 4.577739271583884 ], [ -74.07279728141053, 4.576803903099265 ], [ -74.072891567684451, 4.577560516534808 ], [ -74.074028136843154, 4.57626739176355 ], [ -74.074734035688351, 4.576603909508976 ], [ -74.075507035092045, 4.57730377669008 ], [ -74.075427014963154, 4.578639137895613 ], [ -74.077207993285882, 4.579496879438989 ], [ -74.07780405332467, 4.580377019543961 ], [ -74.077597095856262, 4.580861455840586 ], [ -74.077951793849564, 4.580831832704803 ], [ -74.078360709661837, 4.58120270653987 ], [ -74.078908169945421, 4.58250741301235 ], [ -74.080786243573968, 4.585822338630381 ], [ -74.082905326210067, 4.587471760463628 ], [ -74.083757551631905, 4.588553121229221 ], [ -74.089004895074083, 4.591819547261115 ], [ -74.083193520126258, 4.598962084049296 ], [ -74.075933642325509, 4.609337367925637 ], [ -74.06989209025582, 4.621081909121137 ], [ -74.069528067749872, 4.622435807945771 ], [ -74.068407214617039, 4.62880396955259 ], [ -74.067944445701798, 4.628172043882453 ], [ -74.067575956772245, 4.628020731662121 ], [ -74.06745040822814, 4.627352615533517 ], [ -74.066663906247427, 4.626883017022124 ], [ -74.065586778611078, 4.625357051614928 ], [ -74.06516516780718, 4.625058273429944 ], [ -74.064398315575019, 4.624982191233047 ], [ -74.062415658284479, 4.625330168433143 ], [ -74.06058462763076, 4.624384885130286 ], [ -74.059627496051718, 4.624098886455633 ], [ -74.056690485671325, 4.623927094865329 ], [ -74.056337382187664, 4.623468786767942 ], [ -74.055333649604947, 4.622748883081984 ], [ -74.050388022418929, 4.621948189055963 ], [ -74.049376217575073, 4.621624385845267 ], [ -74.049166828367177, 4.621212425485195 ], [ -74.048897488292184, 4.619271796604885 ], [ -74.048025031911834, 4.617564836669749 ], [ -74.047884386281055, 4.616803875561937 ], [ -74.047494222800324, 4.616191396261355 ], [ -74.045969673965345, 4.615199580135283 ], [ -74.045723760156321, 4.614792273930463 ], [ -74.045585951405215, 4.613911400913273 ], [ -74.043580562246404, 4.612567038009761 ], [ -74.042223174614449, 4.612504750887922 ], [ -74.041808114325633, 4.612732296785614 ], [ -74.040777300232037, 4.612567800000154 ], [ -74.039732237061415, 4.613042698942617 ], [ -74.039263037107062, 4.613815002587808 ], [ -74.038126714086715, 4.615015865891674 ], [ -74.036744783582876, 4.616088510166775 ], [ -74.035866984921526, 4.617544562136924 ], [ -74.035332537633138, 4.61702385842632 ], [ -74.035294924273884, 4.616790592294895 ], [ -74.034886685791335, 4.616603449973563 ], [ -74.033284235953218, 4.61733262191562 ], [ -74.032591651038842, 4.617228549581525 ], [ -74.032151968826383, 4.617351568576542 ], [ -74.031538300011405, 4.617119261526399 ], [ -74.031939270224996, 4.616595041264752 ], [ -74.032384742977769, 4.615522531170168 ], [ -74.031488854941557, 4.616530134553395 ], [ -74.030749458817709, 4.616886359854311 ], [ -74.02907521292714, 4.61724637699526 ], [ -74.028090279388394, 4.617901704712635 ], [ -74.025298127737443, 4.616254329539411 ], [ -74.024665092143252, 4.615324421625929 ], [ -74.023908788827455, 4.614609744200009 ], [ -74.022394150206665, 4.61389266547591 ], [ -74.021649484565373, 4.613798746522489 ], [ -74.018479037975254, 4.614250476069848 ], [ -74.017865713215016, 4.614471187688745 ], [ -74.015912763210935, 4.615929410744719 ], [ -74.014939152936336, 4.617661549666469 ], [ -74.014483637018685, 4.618138994401151 ], [ -74.013922144152033, 4.61852885184805 ], [ -74.013202210927147, 4.618639301912887 ], [ -74.012001753585409, 4.618247613436358 ], [ -74.011421558692874, 4.61782313791003 ], [ -74.010916446788386, 4.617116830515036 ], [ -74.009842011402924, 4.616891828960097 ], [ -74.008509587054391, 4.615860709259993 ], [ -74.007821614988984, 4.615605202750513 ], [ -74.006132770576741, 4.615726321088732 ], [ -74.005121025920005, 4.616274269229057 ], [ -74.003670459636879, 4.616518167520544 ], [ -74.002353619261896, 4.616062246251375 ], [ -74.001804877082392, 4.615716442119594 ], [ -74.000323563263706, 4.615590913924505 ], [ -73.999927026236051, 4.615353964532095 ], [ -73.997479420717383, 4.614845811868889 ], [ -73.996262932041091, 4.614790950524702 ], [ -73.994457090147947, 4.614249512615409 ] ], [ [ -74.067536808192159, 4.602272212550793 ], [ -74.067972032065867, 4.601528608002017 ], [ -74.068754919225853, 4.601042121792768 ], [ -74.069521857696301, 4.600773947812275 ], [ -74.071111960190834, 4.600606528292801 ], [ -74.072634809413316, 4.600950659071042 ], [ -74.074820205683679, 4.602229609416327 ], [ -74.076698344889223, 4.60211129770761 ], [ -74.081444635015373, 4.59458825875438 ], [ -74.080626330876981, 4.591686387559151 ], [ -74.080009786554768, 4.591220809254046 ], [ -74.079418608859555, 4.591003330996618 ], [ -74.078060680441766, 4.591129986401895 ], [ -74.075691263387128, 4.589801829923035 ], [ -74.074581899706786, 4.589982192796525 ], [ -74.074128348404685, 4.589903387411701 ], [ -74.072778340432762, 4.588988082752823 ], [ -74.07227726555719, 4.589105819083938 ], [ -74.071296238791575, 4.589949928507671 ], [ -74.070579118191858, 4.591456559639649 ], [ -74.070139807881944, 4.59099048242834 ], [ -74.069045211606564, 4.590587601927283 ], [ -74.068790217626642, 4.590167024735767 ], [ -74.068437592945003, 4.589865292050293 ], [ -74.068321464134968, 4.589936038530271 ], [ -74.068081203424015, 4.590469903448792 ], [ -74.068310052835912, 4.590619646806092 ], [ -74.068230231234708, 4.590736655776186 ], [ -74.068054298881265, 4.590656905792421 ], [ -74.067983692198254, 4.590817911869785 ], [ -74.0682809411325, 4.591011093505285 ], [ -74.068203908800257, 4.591934946943407 ], [ -74.067808907891731, 4.592297328114427 ], [ -74.068072251712209, 4.592360422892853 ], [ -74.068001483332452, 4.592704195003655 ], [ -74.068290153355747, 4.593576144454921 ], [ -74.068078890262157, 4.593655372972271 ], [ -74.067333110709924, 4.594877261826603 ], [ -74.066948714413314, 4.595784690811562 ], [ -74.066817735553329, 4.596694410931518 ], [ -74.066368745896227, 4.597285100738482 ], [ -74.06593204878547, 4.597552559692748 ], [ -74.06509719857786, 4.597251465884137 ], [ -74.064711727896182, 4.597414684858359 ], [ -74.065047704100635, 4.599052694583815 ], [ -74.064299837761993, 4.599701552637598 ], [ -74.063833974150597, 4.599228389964987 ], [ -74.06344150020297, 4.599192319652608 ], [ -74.0621793510591, 4.600237776841743 ], [ -74.061474755669366, 4.600053037055719 ], [ -74.060906449081287, 4.600574298510782 ], [ -74.060011233883216, 4.600678503119641 ], [ -74.059456084919091, 4.601025385490038 ], [ -74.059252639863445, 4.601460292842119 ], [ -74.059324759309391, 4.601775503845695 ], [ -74.059581729582945, 4.601997158632681 ], [ -74.062314399287345, 4.603264548151976 ], [ -74.064052430054659, 4.603038377271925 ], [ -74.06470980460314, 4.603387505094653 ], [ -74.0654507700838, 4.603355517201295 ], [ -74.066892468198432, 4.602907888907764 ], [ -74.067536808192159, 4.602272212550793 ] ] ] } },
{ "type": "Feature", "properties": { "codigo_localidad": 4, "nombre_localidad": "San Cristóbal" }, "geometry": { "type": "Polygon", "coordinates": [ [ [ -74.029002091859653, 4.558300132592373 ], [ -74.029598863364143, 4.557875098467528 ], [ -74.029790903408951, 4.557106494446038 ], [ -74.029831206324147, 4.554757652406319 ], [ -74.029155226767813, 4.554194829740514 ], [ -74.02868417628396, 4.552806484906282 ], [ -74.028560552829504, 4.551456262558191 ], [ -74.029431597956545, 4.547525023112557 ], [ -74.030922272220479, 4.54561088868872 ], [ -74.031627917740792, 4.544219989482038 ], [ -74.031375989710924, 4.541267147955761 ], [ -74.031469917557033, 4.540536025998708 ], [ -74.031888041999281, 4.539429680152955 ], [ -74.032339587363381, 4.538777006455748 ], [ -74.035031911033428, 4.536356640983422 ], [ -74.035640960711206, 4.53558217085499 ], [ -74.036557446218595, 4.532718218608209 ], [ -74.037309021701034, 4.531317081295738 ], [ -74.038066358079433, 4.528637987679281 ], [ -74.038746484259136, 4.527343896491958 ], [ -74.039065626035168, 4.525031183822349 ], [ -74.04024123597614, 4.522300387455284 ], [ -74.040300662227125, 4.520725763190137 ], [ -74.040617715420126, 4.519129497889222 ], [ -74.041465813083235, 4.517748213122831 ], [ -74.041955273640525, 4.516110730941745 ], [ -74.042211783976626, 4.514638958965076 ], [ -74.042274469315473, 4.511029673775631 ], [ -74.042492826404853, 4.510554145865933 ], [ -74.043252313350024, 4.510133360720337 ], [ -74.043745892682878, 4.51004353600822 ], [ -74.045744088132878, 4.510068904686704 ], [ -74.048477404624279, 4.511220356797825 ], [ -74.049573015995961, 4.511467829035453 ], [ -74.050670922563157, 4.511417279837068 ], [ -74.052985843321082, 4.510494022459064 ], [ -74.055967913196127, 4.508321126221706 ], [ -74.05608939057538, 4.50857072007517 ], [ -74.056987139022539, 4.508727414595649 ], [ -74.058110201112655, 4.509432994003404 ], [ -74.060010204413899, 4.510652062550763 ], [ -74.060337097752523, 4.511135484514156 ], [ -74.060880071849596, 4.511249725777642 ], [ -74.061447437003267, 4.511774494932704 ], [ -74.062326062114678, 4.511100798753853 ], [ -74.062878904205135, 4.511292967445235 ], [ -74.063027800861803, 4.510830333588443 ], [ -74.063679469311609, 4.511076649826586 ], [ -74.064133087987372, 4.510434469501902 ], [ -74.064683489355218, 4.511101666524731 ], [ -74.065450269722177, 4.510695203058711 ], [ -74.066297925414162, 4.510625304025438 ], [ -74.067270691272398, 4.509994319264959 ], [ -74.067690155102753, 4.510350657437859 ], [ -74.068477832079836, 4.509978414585058 ], [ -74.06851740017315, 4.510790374916509 ], [ -74.06894865618824, 4.511922219119655 ], [ -74.069799837767732, 4.511248771140281 ], [ -74.070212192330899, 4.511332105782086 ], [ -74.070500739285009, 4.511625418462739 ], [ -74.070213381700341, 4.512933807989528 ], [ -74.070311649307584, 4.513664903207595 ], [ -74.070826671426275, 4.514460930655277 ], [ -74.071758069865666, 4.514789523183439 ], [ -74.071929094722719, 4.515967403746449 ], [ -74.071791372209887, 4.519594352721717 ], [ -74.071353350982406, 4.519947258123789 ], [ -74.071203389822131, 4.520295167242071 ], [ -74.070699718815391, 4.522193033575742 ], [ -74.0706883703984, 4.5229389205764 ], [ -74.069562936755943, 4.523628710734759 ], [ -74.06959592828305, 4.523979492693094 ], [ -74.070019974419665, 4.524335789069402 ], [ -74.070013007086317, 4.524569915437087 ], [ -74.069822999030677, 4.525283059965989 ], [ -74.069453949552397, 4.525676620742608 ], [ -74.068928651605177, 4.526725641672758 ], [ -74.068563419966836, 4.52802099305503 ], [ -74.068568759552903, 4.528594620779479 ], [ -74.070148823374126, 4.529580309731505 ], [ -74.072433251718067, 4.528856703606747 ], [ -74.073259173570051, 4.528906327422065 ], [ -74.073836540566091, 4.529274952544923 ], [ -74.074113173164577, 4.529024527621856 ], [ -74.074196378719463, 4.528383518407795 ], [ -74.075858029331428, 4.528062734635949 ], [ -74.076128333298726, 4.527869736669084 ], [ -74.076641194070845, 4.527940649549685 ], [ -74.07744896905578, 4.527515430069244 ], [ -74.07840478639956, 4.527517933921131 ], [ -74.078554363080912, 4.527374257941679 ], [ -74.078533184399774, 4.527064668526548 ], [ -74.078699618865727, 4.527012624013948 ], [ -74.078985976625461, 4.527560666862936 ], [ -74.078908242708991, 4.527806931745082 ], [ -74.078113778959903, 4.52843396343914 ], [ -74.078074851365386, 4.529164049897815 ], [ -74.077604690213676, 4.529749024610502 ], [ -74.077448730103924, 4.530434315511717 ], [ -74.076986322311427, 4.530870062659047 ], [ -74.076515243979813, 4.531847442684276 ], [ -74.076599328087042, 4.532037115469377 ], [ -74.077201612552429, 4.531889192999385 ], [ -74.077739132977399, 4.532398165701254 ], [ -74.078416763637236, 4.53223805904683 ], [ -74.07855220892084, 4.531314309700255 ], [ -74.079290515388237, 4.530059052571774 ], [ -74.079494838996254, 4.530146630658015 ], [ -74.079409435263869, 4.53079683786383 ], [ -74.079785031663931, 4.531596462542216 ], [ -74.079689504816628, 4.532078898907264 ], [ -74.079947733629879, 4.531540616032404 ], [ -74.079883059421007, 4.530883621545156 ], [ -74.080462780003103, 4.530858188223205 ], [ -74.080515753655391, 4.530295909284678 ], [ -74.080775639860349, 4.530245017524305 ], [ -74.081028817446764, 4.530411001842705 ], [ -74.081156904629879, 4.530303387677658 ], [ -74.081269906404415, 4.530446408458589 ], [ -74.081725436695095, 4.530232329060764 ], [ -74.081809825331192, 4.529381353447213 ], [ -74.080758420054664, 4.528631961787514 ], [ -74.079941937699672, 4.527631603952663 ], [ -74.079825024660394, 4.52720002704724 ], [ -74.08017384677342, 4.526546042019812 ], [ -74.08284936116786, 4.527766567446609 ], [ -74.083375119052519, 4.52683802408109 ], [ -74.083462868286105, 4.526141851071348 ], [ -74.083809308965328, 4.526072676206983 ], [ -74.083997117945145, 4.525445226052593 ], [ -74.084172616412303, 4.525514381275634 ], [ -74.084407392908446, 4.525311437936777 ], [ -74.084289954354716, 4.524443493673575 ], [ -74.084520771077081, 4.524426427826319 ], [ -74.085350284393584, 4.523833995425876 ], [ -74.085350226901411, 4.522941418175517 ], [ -74.085966442440238, 4.523115839049072 ], [ -74.08718871357199, 4.522215674974932 ], [ -74.08710766127885, 4.52133657688515 ], [ -74.087262159829635, 4.520915266950005 ], [ -74.087820358574135, 4.52064773379611 ], [ -74.086927902102303, 4.520141442081266 ], [ -74.08697104818539, 4.520041090859019 ], [ -74.082807168197292, 4.518747202816822 ], [ -74.082904087433292, 4.518543120267747 ], [ -74.081791641633217, 4.518230511850037 ], [ -74.081891818160429, 4.517817601021295 ], [ -74.091070695037416, 4.519684043714282 ], [ -74.09053650556551, 4.518182735664034 ], [ -74.089555162592944, 4.517095688223652 ], [ -74.089937607748737, 4.517131138475756 ], [ -74.09020538295853, 4.516938578194741 ], [ -74.090911040156925, 4.517048809279011 ], [ -74.094464929931121, 4.516945998516532 ], [ -74.094282435384528, 4.517277974107212 ], [ -74.094913455159229, 4.517272345733931 ], [ -74.094084303863781, 4.517772446007346 ], [ -74.093821676898898, 4.519591903469263 ], [ -74.093959529667444, 4.520459141606496 ], [ -74.093772525578117, 4.522565681203306 ], [ -74.093424829054143, 4.523375814021481 ], [ -74.09355198827754, 4.524258234687802 ], [ -74.094118795577415, 4.524560045062206 ], [ -74.094364177583813, 4.525427432175511 ], [ -74.094377151951463, 4.526855460613851 ], [ -74.094566646170748, 4.527887108700122 ], [ -74.09435854694361, 4.528038219114095 ], [ -74.09434566779737, 4.528918296814062 ], [ -74.095313721991943, 4.532945749552163 ], [ -74.095141927278689, 4.534047209611682 ], [ -74.095220710427441, 4.535334284180055 ], [ -74.095855332446433, 4.536965327203125 ], [ -74.09566037377526, 4.537319546784689 ], [ -74.095776642722484, 4.537998434850974 ], [ -74.096319995908601, 4.538744517781307 ], [ -74.096793079279948, 4.53909857888224 ], [ -74.096998502425848, 4.539907841557161 ], [ -74.097653698559796, 4.53946184999948 ], [ -74.097809346954122, 4.538734608198039 ], [ -74.098306054220799, 4.539378920674187 ], [ -74.09881054089783, 4.540427327105316 ], [ -74.097807172132818, 4.541399983893007 ], [ -74.098359540811131, 4.542094439866764 ], [ -74.098601339437835, 4.543038238939781 ], [ -74.0994298502345, 4.543739285948187 ], [ -74.099750336788532, 4.544528640232967 ], [ -74.100294149013749, 4.544879737107198 ], [ -74.100454713887629, 4.545206936759656 ], [ -74.101385284080337, 4.54571999245745 ], [ -74.102297408267006, 4.545970306817298 ], [ -74.103179347263492, 4.546926962710718 ], [ -74.102733676881371, 4.548944573268143 ], [ -74.102933537659041, 4.549931584816759 ], [ -74.102509160942418, 4.551327307705384 ], [ -74.10229754930252, 4.553324029604158 ], [ -74.101858401587648, 4.554573212506091 ], [ -74.101761543437092, 4.555905401263681 ], [ -74.104176193361226, 4.561142321721831 ], [ -74.105699116245574, 4.562832739418033 ], [ -74.106271676356513, 4.56389681817482 ], [ -74.105376509667479, 4.564200573026342 ], [ -74.104340029001079, 4.56488579981476 ], [ -74.094582459214692, 4.575796994835735 ], [ -74.090361761683198, 4.581405629636127 ], [ -74.084930868173956, 4.589319822735923 ], [ -74.083757551631905, 4.588553121229221 ], [ -74.082905326210067, 4.587471760463628 ], [ -74.080786243573968, 4.585822338630381 ], [ -74.078908169945421, 4.58250741301235 ], [ -74.078360709661837, 4.58120270653987 ], [ -74.077951793849564, 4.580831832704803 ], [ -74.077597095856262, 4.580861455840586 ], [ -74.07780405332467, 4.580377019543961 ], [ -74.077207993285882, 4.579496879438989 ], [ -74.075427014963154, 4.578639137895613 ], [ -74.075507035092045, 4.57730377669008 ], [ -74.074734035688351, 4.576603909508976 ], [ -74.074028136843154, 4.57626739176355 ], [ -74.072891567684451, 4.577560516534808 ], [ -74.07279728141053, 4.576803903099265 ], [ -74.072133394076218, 4.577739271583884 ], [ -74.071964434446016, 4.577626896229 ], [ -74.071578617014623, 4.576544868837353 ], [ -74.071213079949104, 4.576611352498022 ], [ -74.070463591253045, 4.577759489940668 ], [ -74.070189625752647, 4.577071822822396 ], [ -74.069997794116986, 4.576968623940389 ], [ -74.06922075139623, 4.578405667570508 ], [ -74.069417616292412, 4.579389509912007 ], [ -74.068288541778131, 4.580893246849164 ], [ -74.067462622621065, 4.580795902943018 ], [ -74.066928620897045, 4.581294069712311 ], [ -74.067019709168548, 4.582300004054795 ], [ -74.067314888384374, 4.58210547868776 ], [ -74.067563862753573, 4.58222457543722 ], [ -74.067225773711556, 4.582247136148696 ], [ -74.067186814676006, 4.582604683259063 ], [ -74.06646728838794, 4.582616036587542 ], [ -74.066377730845687, 4.583508743968974 ], [ -74.066212477664351, 4.583596786546693 ], [ -74.065631883919792, 4.583469528067988 ], [ -74.065342896791208, 4.582553544477068 ], [ -74.064947234722638, 4.582228818050922 ], [ -74.063641368167154, 4.582238753897522 ], [ -74.062744269201943, 4.581388455000171 ], [ -74.06245454186157, 4.581392217660268 ], [ -74.062039761847117, 4.580494963246665 ], [ -74.0614045460417, 4.580101944648809 ], [ -74.061213427668378, 4.579646805081042 ], [ -74.06070992734152, 4.579281838603065 ], [ -74.059038670145924, 4.57857767788983 ], [ -74.056388052559555, 4.578012329044854 ], [ -74.053906594927739, 4.575744874151563 ], [ -74.053135440663667, 4.575613670704044 ], [ -74.052747231018699, 4.575249239440859 ], [ -74.051840904558858, 4.574876698767998 ], [ -74.049844683605841, 4.574340562974125 ], [ -74.048948492837383, 4.573540845207453 ], [ -74.048115651262748, 4.573327777060779 ], [ -74.04650227791079, 4.573455982943834 ], [ -74.045357531388021, 4.572933280607471 ], [ -74.044311291424407, 4.572053480578273 ], [ -74.043633022960677, 4.571925136543896 ], [ -74.042815973768754, 4.572082143252324 ], [ -74.042318922447322, 4.571926304219672 ], [ -74.041617820605722, 4.572321455806121 ], [ -74.041104012110992, 4.572045932773411 ], [ -74.040793423194771, 4.571635235897205 ], [ -74.040034003623248, 4.571937723981347 ], [ -74.03978608387618, 4.572341107492016 ], [ -74.038963123769676, 4.572424514771256 ], [ -74.038803284734541, 4.572392555040768 ], [ -74.03838653381635, 4.571695594191109 ], [ -74.038069176992778, 4.571629409156815 ], [ -74.037722832433303, 4.57203149890602 ], [ -74.037373636621098, 4.571948814214707 ], [ -74.036950811294986, 4.572246520428823 ], [ -74.036518789915263, 4.571491924216973 ], [ -74.03614077884373, 4.571160745475686 ], [ -74.035582051889833, 4.571346400727785 ], [ -74.034568277938874, 4.572546111454352 ], [ -74.03418470629569, 4.572642166130367 ], [ -74.033699251326269, 4.572474986266742 ], [ -74.03166724418729, 4.570644926645274 ], [ -74.031672776012812, 4.569868497445614 ], [ -74.032487122174061, 4.567457774134742 ], [ -74.031469135124411, 4.56599250052527 ], [ -74.031440421374668, 4.565208729741475 ], [ -74.03113474803969, 4.564421325194987 ], [ -74.031009000967899, 4.563353709223237 ], [ -74.029778992646598, 4.562524315909801 ], [ -74.029322852399844, 4.56204048598573 ], [ -74.029002091859653, 4.558300132592373 ] ] ] } },
{ "type": "Feature", "properties": { "codigo_localidad": 5, "nombre_localidad": "Usme" }, "geometry": { "type": "Polygon", "coordinates": [ [ [ -74.055967913196127, 4.508321126221706 ], [ -74.056566273820366, 4.507959994143279 ], [ -74.057273599190253, 4.504373883708423 ], [ -74.05729430535753, 4.503176577948969 ], [ -74.057516821646686, 4.502546386442828 ], [ -74.058462797048179, 4.501345388928446 ], [ -74.058994015791455, 4.499640245275232 ], [ -74.059506282777164, 4.49863961105638 ], [ -74.059210301365781, 4.497112746213189 ], [ -74.060448887699749, 4.495650274589039 ], [ -74.061605042826613, 4.493853115593559 ], [ -74.061291464317122, 4.49234291686069 ], [ -74.06146724485528, 4.49175162969156 ], [ -74.062418944321792, 4.490762842717533 ], [ -74.062696681848067, 4.490202924773517 ], [ -74.064062597187032, 4.488887140049078 ], [ -74.065097772601305, 4.486490672007937 ], [ -74.066240345201081, 4.486263620864192 ], [ -74.06691255093493, 4.486327614207505 ], [ -74.06820111773466, 4.486832423121106 ], [ -74.068925258668358, 4.486874879935122 ], [ -74.071785690365715, 4.48605225991741 ], [ -74.075337467302376, 4.484577727039055 ], [ -74.075056734792938, 4.480987888838463 ], [ -74.075207789202906, 4.47855034812003 ], [ -74.075686734081458, 4.476236217617 ], [ -74.075681499598318, 4.475152819752799 ], [ -74.076141084884199, 4.473560363787708 ], [ -74.076120169409421, 4.473061141290607 ], [ -74.075162612927258, 4.471287178714161 ], [ -74.07508238708418, 4.469382095726661 ], [ -74.0752420419647, 4.468750195837092 ], [ -74.076033445153584, 4.467350147132825 ], [ -74.077042414016091, 4.465927237667781 ], [ -74.077125946557715, 4.465155781484886 ], [ -74.07661105110148, 4.463485398152007 ], [ -74.076610115056965, 4.462665769102467 ], [ -74.076884730039325, 4.461796285962182 ], [ -74.077696840293825, 4.461113165014899 ], [ -74.078234650874649, 4.460864000056144 ], [ -74.078104760772774, 4.46189892000279 ], [ -74.079617084435057, 4.461710328744259 ], [ -74.080119331612096, 4.461343918279711 ], [ -74.080427776249735, 4.460782867294579 ], [ -74.08109610036324, 4.45860667248115 ], [ -74.081398676307117, 4.458159970174228 ], [ -74.08192378560814, 4.457896703029319 ], [ -74.083818542748119, 4.457490648803986 ], [ -74.084583362092815, 4.456746409073571 ], [ -74.085102686243403, 4.456706502075322 ], [ -74.086061203024599, 4.457279514202918 ], [ -74.086894288042672, 4.45756614324393 ], [ -74.088314776933458, 4.458941178691679 ], [ -74.089284770590751, 4.459153420667709 ], [ -74.090066638162895, 4.459119228599128 ], [ -74.091533439698154, 4.458237641742233 ], [ -74.092224245049962, 4.457161185944154 ], [ -74.093217585023154, 4.456027442419455 ], [ -74.093839593797227, 4.455832962874165 ], [ -74.095551660557888, 4.455736105503558 ], [ -74.09839944487436, 4.454608646904896 ], [ -74.10150441865332, 4.452576431743282 ], [ -74.102873957796135, 4.452496618187662 ], [ -74.103279173447774, 4.452336374874602 ], [ -74.104335255353661, 4.451334416769702 ], [ -74.104951724217386, 4.450378169072433 ], [ -74.105174617798937, 4.449261351940451 ], [ -74.105209399668425, 4.447646265974453 ], [ -74.105791749619343, 4.446374986634989 ], [ -74.106785157864493, 4.445029250086512 ], [ -74.109113793201871, 4.443214351115489 ], [ -74.109456436702388, 4.442538668028189 ], [ -74.110136102944665, 4.440288050660119 ], [ -74.110165213749767, 4.438392286914909 ], [ -74.110713407956951, 4.437229747102688 ], [ -74.112037716925215, 4.435334326589105 ], [ -74.113077569867173, 4.430695489230874 ], [ -74.113095663733631, 4.427556879212103 ], [ -74.113278661336793, 4.426067900623325 ], [ -74.11315366525659, 4.424212173067859 ], [ -74.113330777098, 4.423295846519417 ], [ -74.112870130901769, 4.417946326638291 ], [ -74.113058909163783, 4.416113575411355 ], [ -74.113726863171394, 4.41496261001592 ], [ -74.114389264692221, 4.41315862871441 ], [ -74.11425837117217, 4.412127755977579 ], [ -74.113123360590464, 4.410059814543653 ], [ -74.113152025831184, 4.409561468011262 ], [ -74.1134946693317, 4.40856506055415 ], [ -74.11436247243887, 4.407139211992359 ], [ -74.114716460763105, 4.406102579868505 ], [ -74.114677555626457, 4.40263185375983 ], [ -74.114427258937155, 4.399590586290275 ], [ -74.114667543902627, 4.397694829543353 ], [ -74.114097499074461, 4.395495304070933 ], [ -74.113076480210751, 4.394320924287856 ], [ -74.113859619797353, 4.389338382066637 ], [ -74.113774755054138, 4.386503220866344 ], [ -74.113461101984484, 4.3861939626356 ], [ -74.111218687846375, 4.385941274823252 ], [ -74.107801993273952, 4.381661943939697 ], [ -74.106507123894175, 4.380727990648223 ], [ -74.105965331081705, 4.379513586919185 ], [ -74.105052667905852, 4.378568355060649 ], [ -74.102856153187219, 4.377805905481792 ], [ -74.102091570997757, 4.377851593058071 ], [ -74.099495001448787, 4.37877289917002 ], [ -74.099141256568004, 4.378784171468849 ], [ -74.098536664330652, 4.378165463084724 ], [ -74.098331601409157, 4.376991305058785 ], [ -74.098680502573927, 4.374190795514256 ], [ -74.098041839034479, 4.372804447041469 ], [ -74.096142330704978, 4.371108669415764 ], [ -74.095258260006318, 4.369911315931525 ], [ -74.094454762798733, 4.366749588625215 ], [ -74.094449829251189, 4.364212374409032 ], [ -74.09466707063298, 4.362666089696253 ], [ -74.095181048011014, 4.361045343754559 ], [ -74.097761194559951, 4.357374858507795 ], [ -74.097123025992218, 4.354390682270374 ], [ -74.097277567662118, 4.353044799188155 ], [ -74.09861363467914, 4.350072699892634 ], [ -74.098209084679127, 4.348033623774083 ], [ -74.098277777950599, 4.34704859168453 ], [ -74.098888935974358, 4.344969725172703 ], [ -74.099933684734637, 4.342971160134447 ], [ -74.101252269637911, 4.341070057761971 ], [ -74.101537785676229, 4.340319886553279 ], [ -74.102428220938677, 4.338968448045078 ], [ -74.10528165026841, 4.33676994979271 ], [ -74.105304763920671, 4.335802088752215 ], [ -74.104358278276067, 4.333739929194286 ], [ -74.104301516428222, 4.332817802955693 ], [ -74.105283487323177, 4.330532852257648 ], [ -74.105997598566702, 4.327497603235872 ], [ -74.106682604395033, 4.326169014039139 ], [ -74.106956786389432, 4.325035022190517 ], [ -74.107886929882369, 4.324756661132163 ], [ -74.109163345171268, 4.323970297643866 ], [ -74.109896808820963, 4.323851288966397 ], [ -74.110739758239177, 4.324003745261408 ], [ -74.111045938223981, 4.323814020931816 ], [ -74.111440214192072, 4.321509504718539 ], [ -74.112032898362031, 4.320286759105397 ], [ -74.112447964939065, 4.319749108680545 ], [ -74.113698080251368, 4.318830397976706 ], [ -74.114332963680098, 4.318136014484528 ], [ -74.114039300820465, 4.316622509144217 ], [ -74.114107535052824, 4.315327417865848 ], [ -74.114572186836895, 4.313580369698453 ], [ -74.115117095006781, 4.313131130727735 ], [ -74.11692835014783, 4.312801549563542 ], [ -74.119084089437422, 4.311388227626644 ], [ -74.12070054221418, 4.309449318598251 ], [ -74.124398499302075, 4.306656296128222 ], [ -74.12731927622697, 4.306517221975461 ], [ -74.128559289085615, 4.30584406796075 ], [ -74.130012156852501, 4.305741210041481 ], [ -74.132404579761584, 4.306122762912327 ], [ -74.133939507731355, 4.305756405155653 ], [ -74.137478382165568, 4.304246518306464 ], [ -74.140570839717697, 4.302055279157964 ], [ -74.14452897586132, 4.29879724492983 ], [ -74.146466720980925, 4.296590724045545 ], [ -74.150997846630219, 4.292407032512059 ], [ -74.153454028364891, 4.289682160869407 ], [ -74.157327968111886, 4.286205140523313 ], [ -74.157957635023763, 4.285348889589256 ], [ -74.160491175179132, 4.283715772050529 ], [ -74.162696477217878, 4.283142380905748 ], [ -74.165103258798467, 4.283133436278536 ], [ -74.167198587283508, 4.282737155595698 ], [ -74.168450677092821, 4.28271871899368 ], [ -74.169899971361517, 4.282328613792078 ], [ -74.172469724402603, 4.282688524925006 ], [ -74.176099465224468, 4.281983205618013 ], [ -74.178050123626264, 4.28181542259365 ], [ -74.183498852287144, 4.281716487762503 ], [ -74.185446580384493, 4.281933434536041 ], [ -74.187708876036453, 4.28288229152833 ], [ -74.188228666412655, 4.282938231073326 ], [ -74.188649047422928, 4.284038554982122 ], [ -74.18911799944226, 4.284765991599678 ], [ -74.19071053098132, 4.286588014622282 ], [ -74.191984878348435, 4.287402435617381 ], [ -74.194762584191281, 4.289739513487127 ], [ -74.194965519902169, 4.290119657213721 ], [ -74.197036557941942, 4.28840278627789 ], [ -74.197901552915525, 4.287416337559703 ], [ -74.200186286686659, 4.285413516458767 ], [ -74.201960939971485, 4.282826497099965 ], [ -74.202922607144387, 4.280399378196591 ], [ -74.204185094054793, 4.278256113914892 ], [ -74.204944847799581, 4.276068545599862 ], [ -74.205304864717704, 4.274578342062521 ], [ -74.205529083314289, 4.272903258440647 ], [ -74.205496637064542, 4.271151422642768 ], [ -74.205844886052418, 4.269664099472617 ], [ -74.209619166701799, 4.272200445584405 ], [ -74.212236340908433, 4.273458157718959 ], [ -74.212853914699977, 4.273402181648882 ], [ -74.213126256046337, 4.273191044526802 ], [ -74.216192044414285, 4.273033613444068 ], [ -74.216103942142794, 4.27487302978295 ], [ -74.216716667726743, 4.276782130654835 ], [ -74.21871092226759, 4.279409307247445 ], [ -74.219600627199725, 4.280159060203669 ], [ -74.221137146984162, 4.282170224281644 ], [ -74.221008607050166, 4.28266704974453 ], [ -74.216994273200683, 4.2855165652379 ], [ -74.21630630113529, 4.28631336783123 ], [ -74.216119951019493, 4.286849245782785 ], [ -74.215863488294076, 4.287802577472005 ], [ -74.215933311646154, 4.289386841938886 ], [ -74.215243748664406, 4.290608049845635 ], [ -74.215020899998592, 4.291929105721195 ], [ -74.21500771812012, 4.296001148450061 ], [ -74.215441455282004, 4.298016116445265 ], [ -74.215200563953729, 4.300053828511212 ], [ -74.215001364336118, 4.301002455162929 ], [ -74.214591092966074, 4.301930215128206 ], [ -74.214321564244855, 4.303973173173618 ], [ -74.214514646335402, 4.305364612436189 ], [ -74.214942392632665, 4.306731357014595 ], [ -74.215054275106354, 4.309515073893668 ], [ -74.215729360839006, 4.3127731374802 ], [ -74.215926697350724, 4.316567828833111 ], [ -74.216146897783048, 4.318039988440263 ], [ -74.217010972881809, 4.321938125482588 ], [ -74.21741798426568, 4.322851355746565 ], [ -74.218453573803316, 4.327287237119981 ], [ -74.218350172324207, 4.332298672070253 ], [ -74.217978868972878, 4.335225342012516 ], [ -74.218212578270453, 4.336582696437346 ], [ -74.218977097577849, 4.337430538643249 ], [ -74.219798251172321, 4.340237061143905 ], [ -74.219541273712252, 4.34162880915135 ], [ -74.219535361899389, 4.343031925062614 ], [ -74.220173990404518, 4.345849942269251 ], [ -74.220042624370649, 4.347115667604434 ], [ -74.22059012418012, 4.34892560358634 ], [ -74.220481605897177, 4.34988778052263 ], [ -74.220720667357199, 4.353616382788248 ], [ -74.220252370209707, 4.356474270987168 ], [ -74.22018935878242, 4.358822472971857 ], [ -74.220514218335225, 4.361245217912352 ], [ -74.221169973221294, 4.364017399683454 ], [ -74.221101488358968, 4.364555709160076 ], [ -74.22083892068288, 4.364910714852422 ], [ -74.218961624995401, 4.365786721178866 ], [ -74.217198360551748, 4.366989219024719 ], [ -74.216056950371978, 4.368506870771391 ], [ -74.214573070964846, 4.37135887218533 ], [ -74.212198980874092, 4.374250895101885 ], [ -74.212204594446291, 4.374628928186841 ], [ -74.212632541067876, 4.374640373417768 ], [ -74.2136994099437, 4.375476715864325 ], [ -74.214212801620135, 4.376370231450681 ], [ -74.214098568255352, 4.37697742625952 ], [ -74.212614764306707, 4.378792679658337 ], [ -74.211884260605885, 4.380384867524639 ], [ -74.210782725743229, 4.382079954162545 ], [ -74.210508305695285, 4.385418991987803 ], [ -74.21092453199735, 4.386906729953282 ], [ -74.203793981054815, 4.386317987135606 ], [ -74.202953616089673, 4.386118658869378 ], [ -74.200667143180141, 4.386679587282306 ], [ -74.199614692264632, 4.387129706732683 ], [ -74.197611740235203, 4.387257483093515 ], [ -74.19636352485972, 4.387038568276004 ], [ -74.19508979822848, 4.387137356762726 ], [ -74.193185801915774, 4.386730689619792 ], [ -74.191986464773223, 4.386026174971218 ], [ -74.190219454354846, 4.385890145561233 ], [ -74.188149786245887, 4.385268413849185 ], [ -74.1855238929911, 4.384922255538981 ], [ -74.184295129734764, 4.385031458443267 ], [ -74.181546270592321, 4.383661867766024 ], [ -74.180236366109639, 4.383918870873713 ], [ -74.17975645015224, 4.385768048503917 ], [ -74.178483512241826, 4.386974475863798 ], [ -74.178085333992144, 4.387671802661184 ], [ -74.177271129764705, 4.388561008881537 ], [ -74.176651435949111, 4.388645169794586 ], [ -74.175672340561377, 4.388411628902748 ], [ -74.173763620008629, 4.387233926629425 ], [ -74.171014994428134, 4.386003606408344 ], [ -74.169649573162587, 4.385910918279852 ], [ -74.167811272443245, 4.385188134456655 ], [ -74.166612865955329, 4.385581164739067 ], [ -74.165489053771964, 4.387037591981203 ], [ -74.164037890109171, 4.387746551843364 ], [ -74.163496074838804, 4.388200445949814 ], [ -74.163131403749205, 4.389286397662249 ], [ -74.162692686327389, 4.389605548295884 ], [ -74.161297546995598, 4.389150196875444 ], [ -74.160759662752938, 4.389217663130007 ], [ -74.159717518208666, 4.389926023503525 ], [ -74.158591324591484, 4.390162146165661 ], [ -74.157801306604753, 4.389959768240374 ], [ -74.156826386586474, 4.389318885788176 ], [ -74.155448062818493, 4.389335753244239 ], [ -74.154170586619244, 4.388812926417344 ], [ -74.153666323622716, 4.388796062532154 ], [ -74.152926735259413, 4.388492482976338 ], [ -74.151212238555914, 4.387227567279665 ], [ -74.150489460366515, 4.387143239609783 ], [ -74.149312839820851, 4.387767253751443 ], [ -74.148028407068054, 4.386936475600124 ], [ -74.14761515418958, 4.386923969172482 ], [ -74.146841943681821, 4.38721067827955 ], [ -74.146404909702838, 4.387851559854454 ], [ -74.14608554424629, 4.387986480052699 ], [ -74.145446806146666, 4.387902147990131 ], [ -74.144455082242672, 4.388188849556156 ], [ -74.14354741100486, 4.387750333414651 ], [ -74.142723778060216, 4.387767187470923 ], [ -74.142454826955728, 4.388492400573641 ], [ -74.142404365891267, 4.390533124897839 ], [ -74.141290756772889, 4.391587225599992 ], [ -74.141129583739556, 4.392087741850681 ], [ -74.141382084894573, 4.393428976998833 ], [ -74.142414155731231, 4.394982203204153 ], [ -74.142896536665759, 4.395257802864379 ], [ -74.143296498071294, 4.397745739452748 ], [ -74.143177401227561, 4.399262073028517 ], [ -74.14327305114405, 4.399453157633108 ], [ -74.143524872274398, 4.399505693956004 ], [ -74.143390292966728, 4.400047102867505 ], [ -74.143844799177984, 4.400301433032887 ], [ -74.143792003392107, 4.401291289909975 ], [ -74.144271584277902, 4.402579001487958 ], [ -74.144319786977746, 4.403443088953303 ], [ -74.144015847391259, 4.404202622927859 ], [ -74.144290865717167, 4.404781349762294 ], [ -74.144224850323567, 4.405779898441737 ], [ -74.143467241755658, 4.407101214548386 ], [ -74.143310578265044, 4.408269243660225 ], [ -74.144200894051565, 4.410886068029938 ], [ -74.14396145529912, 4.413007012749534 ], [ -74.144611320830151, 4.41388903066786 ], [ -74.145044130930671, 4.415148196671016 ], [ -74.144840825113874, 4.415374305137628 ], [ -74.144979519603865, 4.415595180258634 ], [ -74.145018086973948, 4.416813805467841 ], [ -74.144714140200946, 4.418797052907469 ], [ -74.144447460935808, 4.419359185512946 ], [ -74.14374154142935, 4.420041634875827 ], [ -74.144002239711327, 4.420633031668174 ], [ -74.144810912113229, 4.421698560183601 ], [ -74.144565150119504, 4.422982272270521 ], [ -74.14474554530328, 4.42575569697676 ], [ -74.144595799738667, 4.426087429972118 ], [ -74.144105047404025, 4.42628931620833 ], [ -74.143954188826783, 4.426522426938552 ], [ -74.143353514142376, 4.430756513920096 ], [ -74.143851921919889, 4.432967540446774 ], [ -74.143555732997655, 4.433424837175417 ], [ -74.142583763945098, 4.43402039599769 ], [ -74.143296498071294, 4.4352182204348 ], [ -74.143449809049258, 4.435848224423423 ], [ -74.14360483131783, 4.437734684709765 ], [ -74.143205443935784, 4.439884396837472 ], [ -74.143559601143281, 4.442228841142931 ], [ -74.144360227335184, 4.443528479226083 ], [ -74.144516641992467, 4.444149771644146 ], [ -74.144555283922728, 4.445477484696692 ], [ -74.144240109106974, 4.448276536986947 ], [ -74.144009289689677, 4.44894651157825 ], [ -74.142122542827067, 4.451975715789859 ], [ -74.141660562632651, 4.454790113685558 ], [ -74.140860847332419, 4.455968647178883 ], [ -74.140461521035803, 4.45727861681333 ], [ -74.139692049316267, 4.457696963236687 ], [ -74.139511901169186, 4.458007456206095 ], [ -74.138395501883537, 4.46268003319315 ], [ -74.138130225786867, 4.463205738224535 ], [ -74.137782631670845, 4.463397919522916 ], [ -74.137644309083413, 4.463792195259352 ], [ -74.137757356672012, 4.464392759154774 ], [ -74.138415005206667, 4.46523460314434 ], [ -74.13826053001209, 4.465818780181982 ], [ -74.137870891147514, 4.46618060210884 ], [ -74.136803254212111, 4.46624083305411 ], [ -74.136490745596134, 4.466986813137217 ], [ -74.136298779213178, 4.468047125933691 ], [ -74.135112478422016, 4.468750123294763 ], [ -74.134529581397075, 4.469861007116555 ], [ -74.133313388266515, 4.471418555103516 ], [ -74.132452109623259, 4.473204412441432 ], [ -74.131331234032544, 4.474340731972684 ], [ -74.130605675557348, 4.475390240642361 ], [ -74.130312521144162, 4.476370672105576 ], [ -74.129794399837721, 4.476394131694127 ], [ -74.12930626699044, 4.476061078903405 ], [ -74.128719000559968, 4.475349347733215 ], [ -74.12841856260647, 4.475290974066462 ], [ -74.126977612788451, 4.477557780076909 ], [ -74.125450918776551, 4.478749226960497 ], [ -74.124775549176292, 4.478906076555764 ], [ -74.124528218724066, 4.479113450692797 ], [ -74.124259405061807, 4.480141278816824 ], [ -74.123818361901712, 4.480651284518156 ], [ -74.123502534909065, 4.481570917729234 ], [ -74.123222880377952, 4.481952694089228 ], [ -74.122622049386706, 4.482343237858183 ], [ -74.121770961232016, 4.4842348115314 ], [ -74.121290075094123, 4.485747110123697 ], [ -74.121657816625344, 4.487357371075404 ], [ -74.121652470751087, 4.488175673020536 ], [ -74.120425212172862, 4.490803616550596 ], [ -74.120685745164835, 4.491239921228487 ], [ -74.122447276758294, 4.491106899680642 ], [ -74.122904040435856, 4.491253488019005 ], [ -74.123121094968056, 4.491505503935397 ], [ -74.123007471559347, 4.491849868619515 ], [ -74.121841387353669, 4.492312004971201 ], [ -74.121349195019604, 4.492998250042008 ], [ -74.122108586743352, 4.494879192761124 ], [ -74.121617507421931, 4.496665736956776 ], [ -74.121866539283289, 4.497542482740056 ], [ -74.122548201582148, 4.49869371019846 ], [ -74.122738962425984, 4.499698859688178 ], [ -74.124489406113881, 4.500628151524678 ], [ -74.125598971016842, 4.501797397820059 ], [ -74.126845114877298, 4.501319848896607 ], [ -74.127741464647571, 4.503479342782423 ], [ -74.128464974963933, 4.504542030409858 ], [ -74.128415053786952, 4.504987540173119 ], [ -74.128136275113263, 4.505480831166039 ], [ -74.126737326026358, 4.506211804031635 ], [ -74.126708858415014, 4.507146013898749 ], [ -74.127312187621072, 4.510692522728719 ], [ -74.126677033799439, 4.513205933579172 ], [ -74.125984724667845, 4.514647635736202 ], [ -74.125778352002698, 4.51555779254147 ], [ -74.125886367229086, 4.518101921812887 ], [ -74.125610304162478, 4.520161510712115 ], [ -74.125780245651299, 4.52051268569187 ], [ -74.127580261071529, 4.522058660085245 ], [ -74.129002343573617, 4.524426464542495 ], [ -74.128856430222015, 4.524717688061534 ], [ -74.127563269437914, 4.524990577579929 ], [ -74.126782078297182, 4.525561154001859 ], [ -74.125509573374728, 4.526049124190711 ], [ -74.124786563419988, 4.527585519113493 ], [ -74.123213275590942, 4.52745905489211 ], [ -74.123090451637097, 4.529202478025598 ], [ -74.123065789289285, 4.532337506803317 ], [ -74.123391980145357, 4.533526060998605 ], [ -74.12408418237743, 4.534561606648735 ], [ -74.124140669340804, 4.535054683189469 ], [ -74.123904528303768, 4.536160741119928 ], [ -74.124544522248144, 4.537084914110228 ], [ -74.12497215176441, 4.53936570492306 ], [ -74.125001479063499, 4.541580947274114 ], [ -74.125344292345588, 4.542655810543313 ], [ -74.124854515581347, 4.544076121607923 ], [ -74.125004609692283, 4.544327043681761 ], [ -74.126085857002522, 4.54482299344791 ], [ -74.123868441182168, 4.544489567271698 ], [ -74.121148081092116, 4.54542955648171 ], [ -74.118932673904709, 4.542734346202014 ], [ -74.11825579064319, 4.542162848445369 ], [ -74.117731654217621, 4.542264658043113 ], [ -74.117257290747006, 4.541940978138781 ], [ -74.116328939393043, 4.54064376490413 ], [ -74.115772440261068, 4.54056209925944 ], [ -74.11561819234025, 4.540387936916233 ], [ -74.114439946742223, 4.540514356786413 ], [ -74.112567498364015, 4.540377107680928 ], [ -74.112703263447841, 4.541315597820071 ], [ -74.112382414872769, 4.541682809788169 ], [ -74.110719513805932, 4.540605883637448 ], [ -74.110126653566184, 4.539977019574742 ], [ -74.1087963240889, 4.539359589571002 ], [ -74.107410546999006, 4.53954071644436 ], [ -74.106612324698787, 4.539468208030449 ], [ -74.106472101276196, 4.539036916693933 ], [ -74.105138508219468, 4.537624408047069 ], [ -74.102927645609114, 4.536512965919983 ], [ -74.101554859954845, 4.537150222942067 ], [ -74.101069065422223, 4.536453579874519 ], [ -74.100705279173212, 4.536931658177549 ], [ -74.100093756433438, 4.536856685084061 ], [ -74.099601497624036, 4.535996061972541 ], [ -74.09897130160445, 4.535307459403923 ], [ -74.09858843783374, 4.534940483291827 ], [ -74.098148265141134, 4.534945818698275 ], [ -74.098843644714378, 4.537211603208993 ], [ -74.099391124760913, 4.537378804702445 ], [ -74.099664624933993, 4.537839766714237 ], [ -74.099894245100415, 4.537897836261775 ], [ -74.100802490361673, 4.540424156153565 ], [ -74.101353200749969, 4.540714235051537 ], [ -74.101186612672109, 4.540957088985512 ], [ -74.103147536122663, 4.543932137291167 ], [ -74.103713219630123, 4.545517969986339 ], [ -74.103222301107124, 4.54551391162653 ], [ -74.102264849727845, 4.546000845686232 ], [ -74.100454713887629, 4.545206936759656 ], [ -74.100294149013749, 4.544879737107198 ], [ -74.099750336788532, 4.544528640232967 ], [ -74.0994298502345, 4.543739285948187 ], [ -74.098601339437835, 4.543038238939781 ], [ -74.098359540811131, 4.542094439866764 ], [ -74.097807172132818, 4.541399983893007 ], [ -74.09881054089783, 4.540427327105316 ], [ -74.098306054220799, 4.539378920674187 ], [ -74.097809346954122, 4.538734608198039 ], [ -74.097653698559796, 4.53946184999948 ], [ -74.096998502425848, 4.539907841557161 ], [ -74.096793079279948, 4.53909857888224 ], [ -74.096319995908601, 4.538744517781307 ], [ -74.095776642722484, 4.537998434850974 ], [ -74.09566037377526, 4.537319546784689 ], [ -74.095855332446433, 4.536965327203125 ], [ -74.095220710427441, 4.535334284180055 ], [ -74.095141927278689, 4.534047209611682 ], [ -74.095313721991943, 4.532945749552163 ], [ -74.09434566779737, 4.528918296814062 ], [ -74.09435854694361, 4.528038219114095 ], [ -74.094566646170748, 4.527887108700122 ], [ -74.094377151951463, 4.526855460613851 ], [ -74.094364177583813, 4.525427432175511 ], [ -74.094118795577415, 4.524560045062206 ], [ -74.09355198827754, 4.524258234687802 ], [ -74.093424829054143, 4.523375814021481 ], [ -74.093772525578117, 4.522565681203306 ], [ -74.093959529667444, 4.520459141606496 ], [ -74.093821676898898, 4.519591903469263 ], [ -74.094084303863781, 4.517772446007346 ], [ -74.094913455159229, 4.517272345733931 ], [ -74.094282435384528, 4.517277974107212 ], [ -74.094464929931121, 4.516945998516532 ], [ -74.090911040156925, 4.517048809279011 ], [ -74.09020538295853, 4.516938578194741 ], [ -74.089937607748737, 4.517131138475756 ], [ -74.089555162592944, 4.517095688223652 ], [ -74.09053650556551, 4.518182735664034 ], [ -74.091070695037416, 4.519684043714282 ], [ -74.081891818160429, 4.517817601021295 ], [ -74.081791641633217, 4.518230511850037 ], [ -74.082904087433292, 4.518543120267747 ], [ -74.082807168197292, 4.518747202816822 ], [ -74.08697104818539, 4.520041090859019 ], [ -74.086927902102303, 4.520141442081266 ], [ -74.087820358574135, 4.52064773379611 ], [ -74.087262159829635, 4.520915266950005 ], [ -74.08710766127885, 4.52133657688515 ], [ -74.08718871357199, 4.522215674974932 ], [ -74.085966442440238, 4.523115839049072 ], [ -74.085350226901411, 4.522941418175517 ], [ -74.085350284393584, 4.523833995425876 ], [ -74.084520771077081, 4.524426427826319 ], [ -74.084289954354716, 4.524443493673575 ], [ -74.084407392908446, 4.525311437936777 ], [ -74.084172616412303, 4.525514381275634 ], [ -74.083997117945145, 4.525445226052593 ], [ -74.083809308965328, 4.526072676206983 ], [ -74.083462868286105, 4.526141851071348 ], [ -74.083375119052519, 4.52683802408109 ], [ -74.08284936116786, 4.527766567446609 ], [ -74.08017384677342, 4.526546042019812 ], [ -74.079825024660394, 4.52720002704724 ], [ -74.079941937699672, 4.527631603952663 ], [ -74.080301335678541, 4.528184744478655 ], [ -74.081664242559626, 4.52924935081054 ], [ -74.081875318803611, 4.52960466490491 ], [ -74.081652807006051, 4.530315583610225 ], [ -74.081269906404415, 4.530446408458589 ], [ -74.081156904629879, 4.530303387677658 ], [ -74.081028817446764, 4.530411001842705 ], [ -74.080551997982155, 4.530276702414151 ], [ -74.080462780003103, 4.530858188223205 ], [ -74.079883059421007, 4.530883621545156 ], [ -74.079947733629879, 4.531540616032404 ], [ -74.079689504816628, 4.532078898907264 ], [ -74.079785031663931, 4.531596462542216 ], [ -74.079435569052123, 4.530902148709044 ], [ -74.079494838996254, 4.530146630658015 ], [ -74.079338358761959, 4.530040245987482 ], [ -74.078655054342775, 4.531063221912197 ], [ -74.078375905563192, 4.532270569506046 ], [ -74.077739132977399, 4.532398165701254 ], [ -74.077201612552429, 4.531889192999385 ], [ -74.076599328087042, 4.532037115469377 ], [ -74.0765134689088, 4.531902534258237 ], [ -74.076986322311427, 4.530870062659047 ], [ -74.077448730103924, 4.530434315511717 ], [ -74.077604690213676, 4.529749024610502 ], [ -74.078074851365386, 4.529164049897815 ], [ -74.078113778959903, 4.52843396343914 ], [ -74.078908242708991, 4.527806931745082 ], [ -74.078985976625461, 4.527560666862936 ], [ -74.078699618865727, 4.527012624013948 ], [ -74.078533184399774, 4.527064668526548 ], [ -74.078554363080912, 4.527374257941679 ], [ -74.07840478639956, 4.527517933921131 ], [ -74.07744896905578, 4.527515430069244 ], [ -74.076641194070845, 4.527940649549685 ], [ -74.076128333298726, 4.527869736669084 ], [ -74.075858029331428, 4.528062734635949 ], [ -74.074196378719463, 4.528383518407795 ], [ -74.074113173164577, 4.529024527621856 ], [ -74.073891327916968, 4.529265257754171 ], [ -74.073206437072983, 4.528890759868998 ], [ -74.07248810284932, 4.528853897076935 ], [ -74.071087249333999, 4.529188292250962 ], [ -74.070299637035603, 4.529569716748708 ], [ -74.069728914877714, 4.52942361344979 ], [ -74.068601152802046, 4.528635621739926 ], [ -74.068563419966836, 4.52802099305503 ], [ -74.068964421621487, 4.526638108843553 ], [ -74.069485489402027, 4.525625841492137 ], [ -74.069800542046892, 4.525326869448589 ], [ -74.070002025181978, 4.524618207914498 ], [ -74.070038648597802, 4.524376920120904 ], [ -74.06959592828305, 4.523979492693094 ], [ -74.069562936755943, 4.523628710734759 ], [ -74.0706883703984, 4.5229389205764 ], [ -74.070699718815391, 4.522193033575742 ], [ -74.071203389822131, 4.520295167242071 ], [ -74.071353350982406, 4.519947258123789 ], [ -74.071791372209887, 4.519594352721717 ], [ -74.071910092659522, 4.518347207521836 ], [ -74.071901061895971, 4.515166808970691 ], [ -74.071684178941979, 4.514712195244559 ], [ -74.070826671426275, 4.514460930655277 ], [ -74.070363378793203, 4.513818164961583 ], [ -74.070213381700341, 4.512933807989528 ], [ -74.070500739285009, 4.511625418462739 ], [ -74.070212192330899, 4.511332105782086 ], [ -74.069799837767732, 4.511248771140281 ], [ -74.06894865618824, 4.511922219119655 ], [ -74.06851740017315, 4.510790374916509 ], [ -74.068542445203278, 4.510042061959736 ], [ -74.068376997087512, 4.50995411964846 ], [ -74.067690155102753, 4.510350657437859 ], [ -74.067270691272398, 4.509994319264959 ], [ -74.066297925414162, 4.510625304025438 ], [ -74.065450269722177, 4.510695203058711 ], [ -74.064683489355218, 4.511101666524731 ], [ -74.064133087987372, 4.510434469501902 ], [ -74.063679469311609, 4.511076649826586 ], [ -74.063027800861803, 4.510830333588443 ], [ -74.062878904205135, 4.511292967445235 ], [ -74.062326062114678, 4.511100798753853 ], [ -74.061447437003267, 4.511774494932704 ], [ -74.060880071849596, 4.511249725777642 ], [ -74.060337097752523, 4.511135484514156 ], [ -74.060010204413899, 4.510652062550763 ], [ -74.058110201112655, 4.509432994003404 ], [ -74.056987139022539, 4.508727414595649 ], [ -74.05608939057538, 4.50857072007517 ], [ -74.055967913196127, 4.508321126221706 ] ] ] } },
{ "type": "Feature", "properties": { "codigo_localidad": 6, "nombre_localidad": "Tunjuelito" }, "geometry": { "type": "Polygon", "coordinates": [ [ [ -74.14043263211461, 4.595364254580596 ], [ -74.131649587087765, 4.593628461728333 ], [ -74.128290446677269, 4.592653187677856 ], [ -74.128609744760169, 4.586644792175056 ], [ -74.129929250436618, 4.586080443647289 ], [ -74.130875115345347, 4.58589968579484 ], [ -74.129415985422611, 4.580078214416283 ], [ -74.128275390014792, 4.580193334825265 ], [ -74.125255798408645, 4.569567334664126 ], [ -74.126623955942549, 4.566943751625624 ], [ -74.126632982214517, 4.566491780802122 ], [ -74.125065708606328, 4.563689479943315 ], [ -74.124849578440532, 4.56219795691992 ], [ -74.123702864607324, 4.559679001677732 ], [ -74.122640764887336, 4.558442455617721 ], [ -74.121969586826168, 4.557311077409813 ], [ -74.121424280702627, 4.555305418966458 ], [ -74.121148081092116, 4.54542955648171 ], [ -74.123868441182168, 4.544489567271698 ], [ -74.126093322900857, 4.544824114602219 ], [ -74.12629442874352, 4.545310135728091 ], [ -74.126810392296619, 4.545519901557811 ], [ -74.127809627014699, 4.545093951858169 ], [ -74.128384361048646, 4.545021866674024 ], [ -74.128599833647641, 4.5452708837112 ], [ -74.129350910565122, 4.54550035928366 ], [ -74.129977843005278, 4.546037806106622 ], [ -74.129938637831344, 4.546293380457539 ], [ -74.129386758734839, 4.546791452073111 ], [ -74.128008717936183, 4.54689627791651 ], [ -74.126939816172865, 4.547216574234223 ], [ -74.126666852294008, 4.546928359672071 ], [ -74.126545833953884, 4.546273629555461 ], [ -74.12630418085422, 4.546122843542877 ], [ -74.125494372981805, 4.546902750504372 ], [ -74.125363668107951, 4.547505709242022 ], [ -74.127097574709794, 4.54961614054714 ], [ -74.127835570360105, 4.549753808771042 ], [ -74.128808700934357, 4.549340919537899 ], [ -74.129840566955124, 4.549714539982052 ], [ -74.131499409433516, 4.549360639013934 ], [ -74.131969634365603, 4.54955076478758 ], [ -74.132243939429216, 4.549917790776242 ], [ -74.132381077138788, 4.550481420036004 ], [ -74.132074098551684, 4.550920531942261 ], [ -74.131969192394507, 4.552638314499307 ], [ -74.132077276791179, 4.552915929658368 ], [ -74.132807803848195, 4.553468629924395 ], [ -74.133887778245708, 4.555187151435418 ], [ -74.133847517551303, 4.555429379028357 ], [ -74.133191052097871, 4.556218551251694 ], [ -74.133653891980018, 4.55644151501311 ], [ -74.134567202841168, 4.556354815000917 ], [ -74.13525832170501, 4.557141268440844 ], [ -74.13476091375243, 4.557433626752799 ], [ -74.133987085203742, 4.557463266078472 ], [ -74.134196829246164, 4.558893769753729 ], [ -74.134110456231596, 4.559841290768907 ], [ -74.133814237664978, 4.56033668897813 ], [ -74.13387728502488, 4.560712533432471 ], [ -74.135198053732594, 4.561133046439809 ], [ -74.136099735004095, 4.561909970437377 ], [ -74.137472864713118, 4.562353292126361 ], [ -74.137991990336005, 4.563505058454207 ], [ -74.139196585317947, 4.56369703141799 ], [ -74.140449011995472, 4.564958416705392 ], [ -74.140692609049381, 4.567243502468759 ], [ -74.140460494261433, 4.568326329227985 ], [ -74.141302449244634, 4.568746043500195 ], [ -74.141654677769225, 4.568668718659259 ], [ -74.141709707665214, 4.568845486213506 ], [ -74.14152257601512, 4.569121538798177 ], [ -74.141115385866499, 4.569303805261725 ], [ -74.140493482195311, 4.569281690081545 ], [ -74.14046045473556, 4.570469038875172 ], [ -74.140680585997629, 4.570612614920225 ], [ -74.141649155825164, 4.570601546157155 ], [ -74.142001308891281, 4.570750701776756 ], [ -74.14180318815032, 4.571722584165531 ], [ -74.142568164700165, 4.571855152106802 ], [ -74.143245019215627, 4.572827117170405 ], [ -74.14281570895146, 4.574146946120026 ], [ -74.142105835061116, 4.574218687213975 ], [ -74.140889588929937, 4.575273459646168 ], [ -74.140961146030534, 4.57607416226561 ], [ -74.142122322739837, 4.577300159966826 ], [ -74.142617555871126, 4.577316763403776 ], [ -74.143095205379055, 4.576620942778573 ], [ -74.143040606674404, 4.575757740902963 ], [ -74.143849580011945, 4.5751446227942 ], [ -74.143637970168669, 4.574603451170213 ], [ -74.143685757846839, 4.574305429840464 ], [ -74.144143132378801, 4.573952615536419 ], [ -74.144839504590408, 4.573010681997505 ], [ -74.145180827567444, 4.573038086518264 ], [ -74.145614332964001, 4.573438864530749 ], [ -74.145993151620999, 4.574490416269134 ], [ -74.146508578879889, 4.574795289530639 ], [ -74.146832869799141, 4.574582937224613 ], [ -74.147064974705614, 4.573788243228695 ], [ -74.147447324639998, 4.573743682721709 ], [ -74.147805669793357, 4.574356818148174 ], [ -74.147594048271984, 4.574740498531583 ], [ -74.147723746134389, 4.575315918430567 ], [ -74.147355117067676, 4.575672129408552 ], [ -74.147058125949897, 4.576494224806611 ], [ -74.147675946778108, 4.576939494036688 ], [ -74.147901213708664, 4.577669080866186 ], [ -74.148355204286958, 4.578080168279318 ], [ -74.148713630288682, 4.577888294981253 ], [ -74.148775068765914, 4.577662236944002 ], [ -74.148355212371797, 4.576932649212062 ], [ -74.148454232767222, 4.576590139262679 ], [ -74.148717016937297, 4.576470225819093 ], [ -74.149990243206929, 4.578326784795868 ], [ -74.149433845584568, 4.579439981811907 ], [ -74.149652288912222, 4.580354524141101 ], [ -74.149314336414122, 4.581454088433462 ], [ -74.148768217315236, 4.581782896647797 ], [ -74.147942142749628, 4.581577384032193 ], [ -74.147611097397771, 4.581293061441056 ], [ -74.14719509926779, 4.581785355538586 ], [ -74.147215860232322, 4.581947291296117 ], [ -74.147550142214158, 4.582250327511019 ], [ -74.147884354127399, 4.582925748942973 ], [ -74.14842153319259, 4.583309790071536 ], [ -74.149325165604878, 4.582930418678875 ], [ -74.149834830171187, 4.583008034789293 ], [ -74.150743600946925, 4.582473085283575 ], [ -74.151114270087646, 4.582574923192623 ], [ -74.151484869159802, 4.583058957737034 ], [ -74.151388452082045, 4.58377731485315 ], [ -74.150611636635048, 4.584353014023905 ], [ -74.150591297878705, 4.5845211635612 ], [ -74.151495068631533, 4.584831896788875 ], [ -74.152155057277525, 4.585407672117788 ], [ -74.151916409940824, 4.585942553164161 ], [ -74.151185336708096, 4.586182025842113 ], [ -74.150423718060765, 4.5878174637006 ], [ -74.150494797257608, 4.587985611526871 ], [ -74.150956818774532, 4.588698814932119 ], [ -74.151383299345582, 4.588958699930672 ], [ -74.152647900890173, 4.58869655753824 ], [ -74.152537480873761, 4.588369794100498 ], [ -74.151849339026782, 4.587755391109642 ], [ -74.151757918378621, 4.587417470985408 ], [ -74.152215156366665, 4.586690429090656 ], [ -74.153069738967801, 4.586379133440367 ], [ -74.153387136215557, 4.586717476702828 ], [ -74.153051442082102, 4.58744127081837 ], [ -74.153321124415228, 4.587904403464453 ], [ -74.155043803872644, 4.587933215936705 ], [ -74.156956504860446, 4.588703541042763 ], [ -74.156641640861778, 4.589240190791247 ], [ -74.156497232188272, 4.590018011062408 ], [ -74.154823811849468, 4.590539691754923 ], [ -74.15425967074934, 4.591257838978204 ], [ -74.153355961081942, 4.590872954148647 ], [ -74.15297135098632, 4.591059041254145 ], [ -74.152822925945188, 4.591460800407644 ], [ -74.15138850238769, 4.591400205597199 ], [ -74.151217201747841, 4.591988125742599 ], [ -74.152054618442236, 4.593044121075012 ], [ -74.152401085172585, 4.592958106917104 ], [ -74.152670628266847, 4.592566159844853 ], [ -74.153322672212468, 4.592181984007485 ], [ -74.154092879652239, 4.592583885797534 ], [ -74.154187396793176, 4.592856341227916 ], [ -74.154128842806315, 4.593462269059862 ], [ -74.15282334456009, 4.59446621542081 ], [ -74.15226370312125, 4.595686896745144 ], [ -74.151236123860997, 4.59539254740361 ], [ -74.146944304013488, 4.594956014727076 ], [ -74.145641126115663, 4.594990322156182 ], [ -74.142585613576244, 4.595472765166384 ], [ -74.14043263211461, 4.595364254580596 ] ] ] } },
{ "type": "Feature", "properties": { "codigo_localidad": 7, "nombre_localidad": "Bosa" }, "geometry": { "type": "Polygon", "coordinates": [ [ [ -74.185665868128496, 4.647046419505281 ], [ -74.17780278868247, 4.629681452043475 ], [ -74.177312387589083, 4.627931767858468 ], [ -74.177009037297424, 4.625476927277163 ], [ -74.176560666579547, 4.624020032023862 ], [ -74.177707417243695, 4.623252275548738 ], [ -74.177237669317009, 4.622354772150292 ], [ -74.179693146772479, 4.620125820775812 ], [ -74.179152385225976, 4.619243502941313 ], [ -74.180104454798368, 4.61848577691802 ], [ -74.18052400307036, 4.618913087772818 ], [ -74.181022860005498, 4.619031781704704 ], [ -74.182504060636461, 4.618787869951061 ], [ -74.183380020446407, 4.619132392167139 ], [ -74.185234584265643, 4.618855053452833 ], [ -74.185038646430826, 4.615674935763047 ], [ -74.184785349368468, 4.61562537078591 ], [ -74.183393169087225, 4.617126687975077 ], [ -74.182752220233695, 4.617124385005958 ], [ -74.182369964622424, 4.61652101668618 ], [ -74.182978629821278, 4.615370293984833 ], [ -74.182232171142687, 4.615004721708486 ], [ -74.18202587573262, 4.614655440210646 ], [ -74.181587418822218, 4.614797758274262 ], [ -74.180530107122721, 4.61654460512684 ], [ -74.180078779150918, 4.617010437271755 ], [ -74.179498480952105, 4.616428192260591 ], [ -74.179421046174625, 4.615936530083098 ], [ -74.180071734562461, 4.614940044970214 ], [ -74.181286051112409, 4.61471316596008 ], [ -74.181903611429192, 4.614261238822899 ], [ -74.181432611250997, 4.613703988562687 ], [ -74.181192658662198, 4.612959369836322 ], [ -74.178935414237088, 4.611666530433566 ], [ -74.178047558037818, 4.610955197256258 ], [ -74.177292277903121, 4.60961942916676 ], [ -74.177284452678691, 4.609197469956896 ], [ -74.177673769946409, 4.608658408681177 ], [ -74.177844979856403, 4.608088068482007 ], [ -74.177385655980274, 4.607103698038662 ], [ -74.177379018328637, 4.606393041704345 ], [ -74.178472689339287, 4.606086580046255 ], [ -74.178655156936415, 4.605456916553705 ], [ -74.178495103203943, 4.605094003932767 ], [ -74.177992525446882, 4.604901436789254 ], [ -74.177470820760789, 4.605187187109892 ], [ -74.176705878346908, 4.605126196798023 ], [ -74.176582721118095, 4.605332342849183 ], [ -74.176112562661316, 4.604404540986621 ], [ -74.176112539305109, 4.603623403675642 ], [ -74.176283261429901, 4.60315645422708 ], [ -74.177704654025874, 4.602080284868269 ], [ -74.177751347556026, 4.601072454157856 ], [ -74.177307540279813, 4.60090057640956 ], [ -74.176287629038825, 4.601025608449725 ], [ -74.175952847593692, 4.601244402602845 ], [ -74.175734916305757, 4.602150616452261 ], [ -74.175906237606867, 4.602939728181875 ], [ -74.17554028821462, 4.603424127667021 ], [ -74.173870275185678, 4.603123405253293 ], [ -74.172889276267867, 4.603154718012094 ], [ -74.172904816223948, 4.602685864596674 ], [ -74.173122839140049, 4.602357753698611 ], [ -74.174264138827041, 4.60169515874768 ], [ -74.174532341634901, 4.601353342989998 ], [ -74.174417398601051, 4.600797984485893 ], [ -74.174008694791183, 4.600169964784878 ], [ -74.173838376908236, 4.600110225842409 ], [ -74.173344546047105, 4.60039208569073 ], [ -74.171765067029128, 4.60084078380314 ], [ -74.170080494106074, 4.600561308638518 ], [ -74.169940870758097, 4.600841536851906 ], [ -74.170170811623038, 4.601558472937266 ], [ -74.170064061224565, 4.602061226768226 ], [ -74.169908036436127, 4.602242512402548 ], [ -74.169103195348896, 4.602341401561458 ], [ -74.168980059679654, 4.603627127715527 ], [ -74.168594051805428, 4.604245138983866 ], [ -74.167444283700249, 4.60441006301807 ], [ -74.165354137596069, 4.605526687274283 ], [ -74.163144972801589, 4.606342533208983 ], [ -74.15953940384739, 4.605495123008301 ], [ -74.156978750740123, 4.604082935186978 ], [ -74.156584699350859, 4.603073765081079 ], [ -74.155117947222934, 4.602765369680557 ], [ -74.153684484862808, 4.601424916593201 ], [ -74.153492353189847, 4.600983323114931 ], [ -74.152470252754526, 4.600892646564953 ], [ -74.152150246799167, 4.600477041459055 ], [ -74.152160100419536, 4.599758615198009 ], [ -74.160680917333451, 4.596193635786554 ], [ -74.163311197960084, 4.595717124573281 ], [ -74.165627529073006, 4.595657132746973 ], [ -74.170030630421266, 4.595949554125322 ], [ -74.175788303183097, 4.596781593169238 ], [ -74.178699477117604, 4.596993214477121 ], [ -74.181865686354527, 4.596841544606758 ], [ -74.183944236106697, 4.596388700838042 ], [ -74.199728295012093, 4.599928247504085 ], [ -74.204062728241723, 4.600768260995212 ], [ -74.204266582929165, 4.599441432476818 ], [ -74.213449795974, 4.611355909195678 ], [ -74.215911157394615, 4.614085615206729 ], [ -74.217081797855442, 4.615895030007239 ], [ -74.217351231355224, 4.615752724699283 ], [ -74.217718334184298, 4.61580349308753 ], [ -74.218300956324754, 4.616228567054836 ], [ -74.218490286152345, 4.616876316147622 ], [ -74.218411640445851, 4.617852404033823 ], [ -74.218871453903787, 4.618026191149856 ], [ -74.219652444720239, 4.61745735558304 ], [ -74.219846594907651, 4.617620680052755 ], [ -74.219847774395618, 4.618666003582631 ], [ -74.220055622094492, 4.618877145605954 ], [ -74.221290138161891, 4.618648511978884 ], [ -74.221740233645122, 4.618921639717833 ], [ -74.221693233789452, 4.619195088799306 ], [ -74.220861868146827, 4.619587119689633 ], [ -74.220811545422919, 4.61996940307656 ], [ -74.221277698291843, 4.620452878539854 ], [ -74.222322012267512, 4.620821498620768 ], [ -74.22239699374596, 4.621135613128349 ], [ -74.222260352804724, 4.621340731095419 ], [ -74.221284075432052, 4.621195471181281 ], [ -74.221069875745812, 4.621480414462095 ], [ -74.22066752122835, 4.623065703507196 ], [ -74.220849706754507, 4.623394903483599 ], [ -74.222644821864876, 4.623928781782985 ], [ -74.223148712060549, 4.624279462686338 ], [ -74.223476307881725, 4.624696602888484 ], [ -74.223581425143024, 4.625471544195005 ], [ -74.222174743358153, 4.628511200860647 ], [ -74.222429928679219, 4.629117000685665 ], [ -74.221805869051337, 4.629791405222033 ], [ -74.22086584498858, 4.630181276849905 ], [ -74.217656677416457, 4.629353290950046 ], [ -74.216293777721901, 4.629705590707326 ], [ -74.215845820229063, 4.630218438851004 ], [ -74.215795649320427, 4.631342047650238 ], [ -74.217331429791429, 4.63399725189448 ], [ -74.217509449829592, 4.635073564436 ], [ -74.217141305853119, 4.635580168805463 ], [ -74.216006308746131, 4.635822257158996 ], [ -74.215078261921079, 4.636303690185546 ], [ -74.214695920969845, 4.637268867111842 ], [ -74.214931144826991, 4.6383562934149 ], [ -74.215763890281892, 4.640024542865187 ], [ -74.216142921839619, 4.640348754000182 ], [ -74.218351138013148, 4.640930965900717 ], [ -74.220017849733424, 4.641682712785312 ], [ -74.221063973814395, 4.642747821517427 ], [ -74.221353948191478, 4.643450882688615 ], [ -74.221294908216052, 4.644058791721383 ], [ -74.220262689157366, 4.644311724523184 ], [ -74.216596887265069, 4.644477936613636 ], [ -74.215562288569188, 4.644335387247922 ], [ -74.21467891316658, 4.643733345789897 ], [ -74.214294763906665, 4.642572442242575 ], [ -74.21426860227065, 4.641111305932085 ], [ -74.21396261632195, 4.640585959159513 ], [ -74.213493147771317, 4.640411176559644 ], [ -74.211546800384554, 4.640618252484566 ], [ -74.208170625221314, 4.640490343438714 ], [ -74.207017861234675, 4.640646543502609 ], [ -74.2056930887357, 4.641629052420601 ], [ -74.205485842009779, 4.642272224418599 ], [ -74.205472281042248, 4.642856807456318 ], [ -74.205756746950001, 4.643594315959929 ], [ -74.207094363560898, 4.645626105843422 ], [ -74.207109270204725, 4.646181940461834 ], [ -74.206809032575507, 4.646579247088198 ], [ -74.206101295777245, 4.64665252089284 ], [ -74.205792099249692, 4.646528250800604 ], [ -74.201960230302404, 4.643858631720029 ], [ -74.200886276413939, 4.64383673822314 ], [ -74.200702270901033, 4.644542823748802 ], [ -74.202597348739559, 4.645287454904655 ], [ -74.203017745919496, 4.645852119867502 ], [ -74.202924639133542, 4.646494560979921 ], [ -74.201279910086598, 4.648367468849266 ], [ -74.200807863371097, 4.648696990111644 ], [ -74.198995387419558, 4.649310076065378 ], [ -74.19689501309756, 4.650457858687062 ], [ -74.195822377935926, 4.651564897137352 ], [ -74.194567145819747, 4.654552784080987 ], [ -74.194266806680929, 4.654944300219593 ], [ -74.193554112080577, 4.655149354646498 ], [ -74.192954651020131, 4.655181751165074 ], [ -74.191535248192523, 4.654703370749552 ], [ -74.187581842577188, 4.651776597882695 ], [ -74.18679173835217, 4.651466311216882 ], [ -74.185770847049227, 4.651707623216645 ], [ -74.184104227855428, 4.652824070777609 ], [ -74.183709537763988, 4.652734778818497 ], [ -74.183542409798648, 4.652483668402069 ], [ -74.183574014326965, 4.652053660441934 ], [ -74.185923003692068, 4.647677824199564 ], [ -74.185955150802812, 4.647339565519556 ], [ -74.185665868128496, 4.647046419505281 ] ] ] } },
{ "type": "Feature", "properties": { "codigo_localidad": 8, "nombre_localidad": "Kennedy" }, "geometry": { "type": "Polygon", "coordinates": [ [ [ -74.185665868128496, 4.647046419505281 ], [ -74.184805777058031, 4.647106038988452 ], [ -74.182231282708869, 4.64919082940868 ], [ -74.180076282732742, 4.652619764190171 ], [ -74.176576977290139, 4.654784837974265 ], [ -74.175415699969548, 4.654476809818801 ], [ -74.174908947741343, 4.654732192146199 ], [ -74.174195279367254, 4.655710825148309 ], [ -74.17233638836332, 4.657143541443922 ], [ -74.17183476641371, 4.657295689046988 ], [ -74.170908718340144, 4.657169702657663 ], [ -74.16948670411, 4.656278716655891 ], [ -74.167653900181904, 4.656381715979683 ], [ -74.167215883446005, 4.656670987509528 ], [ -74.166811939808809, 4.657854080522839 ], [ -74.16666043264793, 4.659218951136166 ], [ -74.166525752728973, 4.659615244035748 ], [ -74.166207466149089, 4.659875044820248 ], [ -74.165641060396126, 4.659718037836578 ], [ -74.164887071140512, 4.658771438775637 ], [ -74.164040481748756, 4.658564629628023 ], [ -74.163346607751961, 4.659056025762507 ], [ -74.163002016703913, 4.659682825663258 ], [ -74.16298376473398, 4.662267568908849 ], [ -74.162759176031471, 4.66290512616622 ], [ -74.162287911748564, 4.663366415199854 ], [ -74.160319041801017, 4.662708184012046 ], [ -74.159129922096497, 4.662532105970178 ], [ -74.158572168916379, 4.662739190611072 ], [ -74.157877923915336, 4.662349771228934 ], [ -74.157079625258319, 4.661530150698066 ], [ -74.156571242587916, 4.661788695503128 ], [ -74.155824825231804, 4.662923435911186 ], [ -74.155344876935075, 4.662904297079442 ], [ -74.155068548865472, 4.663086641525552 ], [ -74.154564811383366, 4.664266362631837 ], [ -74.153644328372991, 4.66390443195451 ], [ -74.151400972800474, 4.664249057493748 ], [ -74.147545622789963, 4.66227179761325 ], [ -74.146359233963906, 4.662018540882872 ], [ -74.145924263415111, 4.661760488601319 ], [ -74.145298407156673, 4.661942541462386 ], [ -74.144804880824424, 4.661227502039213 ], [ -74.144358994846627, 4.661780810212993 ], [ -74.143499465223215, 4.661836446855735 ], [ -74.142546312282562, 4.662669474781287 ], [ -74.141885683137801, 4.662966990718767 ], [ -74.141273270167574, 4.662995016713067 ], [ -74.140944931439662, 4.662840281014199 ], [ -74.140234284099876, 4.661711888457871 ], [ -74.139882369087303, 4.661467322628934 ], [ -74.139737675647865, 4.660614787292639 ], [ -74.139033065885087, 4.660430522584935 ], [ -74.137645832626106, 4.659083754657602 ], [ -74.137124786405124, 4.658852247449013 ], [ -74.137190889833633, 4.658214263015506 ], [ -74.136667462178821, 4.657600061154313 ], [ -74.136328427210813, 4.657536776106004 ], [ -74.136115878628061, 4.657159516267813 ], [ -74.133796799568685, 4.65247666045586 ], [ -74.133268611741187, 4.651232307933008 ], [ -74.133216829254948, 4.650544106718387 ], [ -74.132383593319915, 4.649633496806378 ], [ -74.132316753272875, 4.64889459069606 ], [ -74.13146505516211, 4.648769424743749 ], [ -74.131015725043511, 4.64899963341576 ], [ -74.129174670089526, 4.648526978211209 ], [ -74.128911949699855, 4.648018219048601 ], [ -74.125655104044014, 4.645238391615706 ], [ -74.124441154006732, 4.641716130643685 ], [ -74.123812325223, 4.64086865620386 ], [ -74.123634687867153, 4.640714340943545 ], [ -74.123101671594995, 4.641027804637079 ], [ -74.122924395361864, 4.640724481011908 ], [ -74.120837155307655, 4.639072073248149 ], [ -74.118298640282248, 4.637411584444402 ], [ -74.119523621631217, 4.636108055007027 ], [ -74.124502543076602, 4.623924209018414 ], [ -74.128548806644545, 4.610709857237401 ], [ -74.129265399034892, 4.608854530482541 ], [ -74.13025688398703, 4.60695747353788 ], [ -74.13731327540961, 4.59621164191751 ], [ -74.137766184416307, 4.594885111149604 ], [ -74.14043263211461, 4.595364254580596 ], [ -74.142585613576244, 4.595472765166384 ], [ -74.145641126115663, 4.594990322156182 ], [ -74.146944304013488, 4.594956014727076 ], [ -74.151236123860997, 4.59539254740361 ], [ -74.15226370312125, 4.595686896745144 ], [ -74.151874233139907, 4.596326228737337 ], [ -74.151254982193763, 4.596568878483355 ], [ -74.150578795126577, 4.59631358263134 ], [ -74.150066803025339, 4.595625802645398 ], [ -74.149771780116353, 4.595619938492653 ], [ -74.149670224675177, 4.59583180280614 ], [ -74.150707793201391, 4.597499097458966 ], [ -74.151205924297784, 4.597906793228582 ], [ -74.151496653259699, 4.59840516385229 ], [ -74.151969167099153, 4.598714414479806 ], [ -74.152177837654818, 4.599249932043291 ], [ -74.152240541858276, 4.600682903217674 ], [ -74.152470252754526, 4.600892646564953 ], [ -74.153492353189847, 4.600983323114931 ], [ -74.153684484862808, 4.601424916593201 ], [ -74.15475092524224, 4.60251290199065 ], [ -74.155425079421946, 4.602921933539653 ], [ -74.156584699350859, 4.603073765081079 ], [ -74.156836515989625, 4.603989716943938 ], [ -74.159136205811905, 4.605313985050763 ], [ -74.162685047952536, 4.606284840805184 ], [ -74.163292766327089, 4.606317813521943 ], [ -74.165354137596069, 4.605526687274283 ], [ -74.167444283700249, 4.60441006301807 ], [ -74.168594051805428, 4.604245138983866 ], [ -74.168980059679654, 4.603627127715527 ], [ -74.169103195348896, 4.602341401561458 ], [ -74.169908036436127, 4.602242512402548 ], [ -74.170064061224565, 4.602061226768226 ], [ -74.170170811623038, 4.601558472937266 ], [ -74.169940870758097, 4.600841536851906 ], [ -74.170080494106074, 4.600561308638518 ], [ -74.171765067029128, 4.60084078380314 ], [ -74.173344546047105, 4.60039208569073 ], [ -74.173838376908236, 4.600110225842409 ], [ -74.174008694791183, 4.600169964784878 ], [ -74.174417398601051, 4.600797984485893 ], [ -74.174532341634901, 4.601353342989998 ], [ -74.174264138827041, 4.60169515874768 ], [ -74.173122839140049, 4.602357753698611 ], [ -74.172904816223948, 4.602685864596674 ], [ -74.172889276267867, 4.603154718012094 ], [ -74.173870275185678, 4.603123405253293 ], [ -74.17554028821462, 4.603424127667021 ], [ -74.175906237606867, 4.602939728181875 ], [ -74.175734916305757, 4.602150616452261 ], [ -74.175952847593692, 4.601244402602845 ], [ -74.176287629038825, 4.601025608449725 ], [ -74.177307540279813, 4.60090057640956 ], [ -74.177751347556026, 4.601072454157856 ], [ -74.177704654025874, 4.602080284868269 ], [ -74.176283261429901, 4.60315645422708 ], [ -74.176112539305109, 4.603623403675642 ], [ -74.176112562661316, 4.604404540986621 ], [ -74.176582721118095, 4.605332342849183 ], [ -74.176705878346908, 4.605126196798023 ], [ -74.177470820760789, 4.605187187109892 ], [ -74.177992525446882, 4.604901436789254 ], [ -74.178495103203943, 4.605094003932767 ], [ -74.178655156936415, 4.605456916553705 ], [ -74.178472689339287, 4.606086580046255 ], [ -74.177379018328637, 4.606393041704345 ], [ -74.177385655980274, 4.607103698038662 ], [ -74.177844979856403, 4.608088068482007 ], [ -74.177673769946409, 4.608658408681177 ], [ -74.177284452678691, 4.609197469956896 ], [ -74.177292277903121, 4.60961942916676 ], [ -74.178047558037818, 4.610955197256258 ], [ -74.178935414237088, 4.611666530433566 ], [ -74.181192658662198, 4.612959369836322 ], [ -74.181432611250997, 4.613703988562687 ], [ -74.181903611429192, 4.614261238822899 ], [ -74.181286051112409, 4.61471316596008 ], [ -74.180071734562461, 4.614940044970214 ], [ -74.179421046174625, 4.615936530083098 ], [ -74.179498480952105, 4.616428192260591 ], [ -74.180078779150918, 4.617010437271755 ], [ -74.180530107122721, 4.61654460512684 ], [ -74.181587418822218, 4.614797758274262 ], [ -74.18202587573262, 4.614655440210646 ], [ -74.182232171142687, 4.615004721708486 ], [ -74.182978629821278, 4.615370293984833 ], [ -74.182369964622424, 4.61652101668618 ], [ -74.182752220233695, 4.617124385005958 ], [ -74.183393169087225, 4.617126687975077 ], [ -74.184785349368468, 4.61562537078591 ], [ -74.185038646430826, 4.615674935763047 ], [ -74.185234584265643, 4.618855053452833 ], [ -74.183380020446407, 4.619132392167139 ], [ -74.182504060636461, 4.618787869951061 ], [ -74.181022860005498, 4.619031781704704 ], [ -74.18052400307036, 4.618913087772818 ], [ -74.180104454798368, 4.61848577691802 ], [ -74.179152385225976, 4.619243502941313 ], [ -74.179693146772479, 4.620125820775812 ], [ -74.177237669317009, 4.622354772150292 ], [ -74.177707417243695, 4.623252275548738 ], [ -74.176560666579547, 4.624020032023862 ], [ -74.177009037297424, 4.625476927277163 ], [ -74.177312387589083, 4.627931767858468 ], [ -74.17780278868247, 4.629681452043475 ], [ -74.185665868128496, 4.647046419505281 ] ] ] } },
{ "type": "Feature", "properties": { "codigo_localidad": 9, "nombre_localidad": "Fontibón" }, "geometry": { "type": "Polygon", "coordinates": [ [ [ -74.158572167119729, 4.662739190611072 ], [ -74.158519920204498, 4.663647670552305 ], [ -74.158967588439822, 4.663988725598897 ], [ -74.160615099569213, 4.664414107200744 ], [ -74.161056823652288, 4.664726596061226 ], [ -74.160965300596203, 4.665632623785138 ], [ -74.160377281377521, 4.66662199640098 ], [ -74.160683147850293, 4.667118621932934 ], [ -74.164117013719405, 4.667303795443114 ], [ -74.167098992864581, 4.668311101057576 ], [ -74.168568224342707, 4.668542751983284 ], [ -74.16976447756889, 4.668942177768609 ], [ -74.170171974043015, 4.669260628432632 ], [ -74.170613093559922, 4.670392538255887 ], [ -74.170592290374572, 4.670736580433946 ], [ -74.170264458296458, 4.671300199806391 ], [ -74.169332917923242, 4.672136912422993 ], [ -74.166438348448452, 4.673266633000917 ], [ -74.166106897058086, 4.673267454017456 ], [ -74.165602732876209, 4.672996730697085 ], [ -74.165015117899415, 4.671284305883979 ], [ -74.16477042310423, 4.671076674030669 ], [ -74.164450413555628, 4.671114374654365 ], [ -74.163697520244639, 4.671832117753286 ], [ -74.163321046190546, 4.673494118116584 ], [ -74.162417616797498, 4.675288281718474 ], [ -74.161325878063039, 4.676100399467053 ], [ -74.158652905002526, 4.676855941631864 ], [ -74.157598815559936, 4.677403560232222 ], [ -74.156864650325986, 4.678404593925874 ], [ -74.1569776323376, 4.679311160863556 ], [ -74.157354137832741, 4.680274311741493 ], [ -74.158935303886821, 4.682597259199031 ], [ -74.159556506872107, 4.682975012999573 ], [ -74.160064726947454, 4.682956115555442 ], [ -74.160836469608043, 4.682465084446018 ], [ -74.162248225077633, 4.681010800596359 ], [ -74.161965861227642, 4.680198699287145 ], [ -74.16022946898741, 4.678823909035433 ], [ -74.160234149210041, 4.678310106083008 ], [ -74.161457608812924, 4.677384723519654 ], [ -74.164551030257343, 4.67567387356369 ], [ -74.165015188866334, 4.675571539611602 ], [ -74.16533520380483, 4.675779260561262 ], [ -74.165598758729416, 4.677705653974356 ], [ -74.165881120782771, 4.678177869638367 ], [ -74.166483485198214, 4.678102288293827 ], [ -74.167179898732329, 4.677611251988194 ], [ -74.169231550229966, 4.675476994085646 ], [ -74.169506962017977, 4.675356673002216 ], [ -74.169895534582324, 4.6753885716824 ], [ -74.17055217700387, 4.677212717513478 ], [ -74.170793990901942, 4.677308982721927 ], [ -74.17100102293054, 4.677176729972359 ], [ -74.1711703796161, 4.676440190527165 ], [ -74.171114030094969, 4.674767892833404 ], [ -74.171249071136657, 4.674440391120748 ], [ -74.171511239062468, 4.674335617221154 ], [ -74.174230575073096, 4.676290141239167 ], [ -74.174854930246681, 4.676572785429808 ], [ -74.174987826111504, 4.676818474996673 ], [ -74.175008384056795, 4.677379914736699 ], [ -74.174251216561686, 4.679636908155868 ], [ -74.174089724626427, 4.681231019476204 ], [ -74.173686865255803, 4.682614701762898 ], [ -74.171091653061239, 4.684132224642912 ], [ -74.169510905622076, 4.686222276069464 ], [ -74.167739944413071, 4.687577057704135 ], [ -74.167638147325079, 4.688018727681493 ], [ -74.167735905587563, 4.688328145843204 ], [ -74.168251349016117, 4.68882006187605 ], [ -74.169504040696665, 4.68936185876805 ], [ -74.170133727371493, 4.689876460272269 ], [ -74.170518270991792, 4.690592285181914 ], [ -74.171266753574741, 4.693096102491203 ], [ -74.172222960787323, 4.693953921754149 ], [ -74.172372441348926, 4.694372172869686 ], [ -74.172393390061359, 4.696063453262513 ], [ -74.17173255969395, 4.696953675997709 ], [ -74.169627959696854, 4.698758635745274 ], [ -74.169269210301607, 4.699315654792042 ], [ -74.169221224095779, 4.700858056493147 ], [ -74.169393131996742, 4.70104688639975 ], [ -74.173020945932308, 4.700631610767988 ], [ -74.174529519128285, 4.700605171846701 ], [ -74.175313006362899, 4.700867201020853 ], [ -74.176755029667675, 4.701758261881889 ], [ -74.177036878783014, 4.70258328402638 ], [ -74.176820662378958, 4.702996573635119 ], [ -74.173451069171819, 4.703875766498967 ], [ -74.171195605207586, 4.704649153051463 ], [ -74.167806425133989, 4.704456148494234 ], [ -74.164306359716662, 4.705782753151973 ], [ -74.161872026806321, 4.705865136576634 ], [ -74.161514435339484, 4.706148347150432 ], [ -74.162125843993238, 4.706865529616031 ], [ -74.162154500250793, 4.707300415438638 ], [ -74.161476793234144, 4.707753753701142 ], [ -74.160351571594077, 4.708176721842228 ], [ -74.159029663822579, 4.70830138745386 ], [ -74.156527836891684, 4.70788712602996 ], [ -74.156088161865782, 4.708048663080956 ], [ -74.155415407261273, 4.708698058998096 ], [ -74.155114212027982, 4.709226866897679 ], [ -74.154813470443912, 4.710459577913236 ], [ -74.15478410272064, 4.712672796223655 ], [ -74.155020073077793, 4.714118383572703 ], [ -74.15555138794079, 4.715939106658246 ], [ -74.155616442137031, 4.716902168439796 ], [ -74.155469580164493, 4.717982201482342 ], [ -74.154778050770574, 4.717644816563162 ], [ -74.122947738982859, 4.693624086915092 ], [ -74.120378181774484, 4.69222116126462 ], [ -74.118400273876858, 4.688651399975804 ], [ -74.121454651844061, 4.68666117054146 ], [ -74.124052871598195, 4.685536508612886 ], [ -74.124650903439033, 4.684803914663055 ], [ -74.122477105317287, 4.682972131871288 ], [ -74.120898438376329, 4.681014596748656 ], [ -74.103415758693458, 4.65350728443259 ], [ -74.10775446700552, 4.647855020683296 ], [ -74.118298640282248, 4.637411584444402 ], [ -74.120837155307655, 4.639072073248149 ], [ -74.122924395361864, 4.640724481011908 ], [ -74.123101671594995, 4.641027804637079 ], [ -74.123634687867153, 4.640714340943545 ], [ -74.123812325223, 4.64086865620386 ], [ -74.124441154006732, 4.641716130643685 ], [ -74.125655104044014, 4.645238391615706 ], [ -74.128911949699855, 4.648018219048601 ], [ -74.129174670089526, 4.648526978211209 ], [ -74.131015725043511, 4.64899963341576 ], [ -74.13146505516211, 4.648769424743749 ], [ -74.132316753272875, 4.64889459069606 ], [ -74.132383593319915, 4.649633496806378 ], [ -74.133216829254948, 4.650544106718387 ], [ -74.133268611741187, 4.651232307933008 ], [ -74.133796799568685, 4.65247666045586 ], [ -74.136115878628061, 4.657159516267813 ], [ -74.136328427210813, 4.657536776106004 ], [ -74.136667462178821, 4.657600061154313 ], [ -74.137190889833633, 4.658214263015506 ], [ -74.137077983280506, 4.658789535535668 ], [ -74.137645832626106, 4.659083754657602 ], [ -74.139033065885087, 4.660430522584935 ], [ -74.139737675647865, 4.660614787292639 ], [ -74.139882369087303, 4.661467322628934 ], [ -74.140234284099876, 4.661711888457871 ], [ -74.140944931439662, 4.662840281014199 ], [ -74.141273270167574, 4.662995016713067 ], [ -74.141885683137801, 4.662966990718767 ], [ -74.142546312282562, 4.662669474781287 ], [ -74.143414300442714, 4.661876277102262 ], [ -74.144483503141643, 4.661712028131467 ], [ -74.144804880824424, 4.661227502039213 ], [ -74.145298407156673, 4.661942541462386 ], [ -74.145924263415111, 4.661760488601319 ], [ -74.146359233963906, 4.662018540882872 ], [ -74.147545622789963, 4.66227179761325 ], [ -74.151400972800474, 4.664249057493748 ], [ -74.153644328372991, 4.66390443195451 ], [ -74.154564811383366, 4.664266362631837 ], [ -74.155068548865472, 4.663086641525552 ], [ -74.155344876935075, 4.662904297079442 ], [ -74.155824825231804, 4.662923435911186 ], [ -74.156571242587916, 4.661788695503128 ], [ -74.157079625258319, 4.661530150698066 ], [ -74.157877923915336, 4.662349771228934 ], [ -74.158572167119729, 4.662739190611072 ] ] ] } },
{ "type": "Feature", "properties": { "codigo_localidad": 10, "nombre_localidad": "Engativá" }, "geometry": { "type": "Polygon", "coordinates": [ [ [ -74.154778050770574, 4.717644816563162 ], [ -74.155979365105068, 4.718185589220973 ], [ -74.156156046653479, 4.718007510805822 ], [ -74.156348493635122, 4.717175700202811 ], [ -74.15870224676614, 4.719394959882267 ], [ -74.160115001162325, 4.719965155084683 ], [ -74.160344216188548, 4.720234076798275 ], [ -74.160478475695953, 4.721506557523561 ], [ -74.160065300072603, 4.723273500591073 ], [ -74.159410286296676, 4.724295507075303 ], [ -74.158560745040916, 4.725168905709601 ], [ -74.157938700334213, 4.72553148142489 ], [ -74.156892732560095, 4.725470743286855 ], [ -74.157489904713188, 4.72416218982268 ], [ -74.157105989015292, 4.723710129963635 ], [ -74.156534036165453, 4.723470586803296 ], [ -74.151103388794624, 4.72273170771504 ], [ -74.150720916689366, 4.72291032565788 ], [ -74.149234734001851, 4.725464634020398 ], [ -74.148572003697623, 4.725889174195681 ], [ -74.142876350623013, 4.728879076206846 ], [ -74.14034607674202, 4.729486794557133 ], [ -74.13807398136862, 4.730575365742151 ], [ -74.13739428368531, 4.730725913629094 ], [ -74.137068515037413, 4.730703801725596 ], [ -74.136919362360914, 4.73046319383872 ], [ -74.136189037424799, 4.728395193003185 ], [ -74.135571644194656, 4.72829327055717 ], [ -74.135000212367686, 4.728317479232135 ], [ -74.133172853128514, 4.728940727208537 ], [ -74.131951692314459, 4.729757557700114 ], [ -74.131552631020838, 4.73019412210965 ], [ -74.131428024809466, 4.730710426612762 ], [ -74.130582554718558, 4.730867106965823 ], [ -74.129541350710412, 4.730330497289716 ], [ -74.129391923149413, 4.729969619700804 ], [ -74.129602407403652, 4.729522033646438 ], [ -74.129645663979503, 4.728398107963273 ], [ -74.128927737590971, 4.726771407039118 ], [ -74.128607673245128, 4.72674343016021 ], [ -74.126031012159473, 4.729661626510275 ], [ -74.126324522305538, 4.730589807103473 ], [ -74.127539642847637, 4.732249857082354 ], [ -74.1281549672577, 4.734002898153557 ], [ -74.128352061224291, 4.735275297188665 ], [ -74.12830212208101, 4.735957681686087 ], [ -74.127914225049764, 4.736296828488761 ], [ -74.126657840395069, 4.736677973862684 ], [ -74.126630075266263, 4.737044974126937 ], [ -74.127379944848016, 4.737305029850354 ], [ -74.127416704807757, 4.738846278209991 ], [ -74.127164122804373, 4.739305584136472 ], [ -74.126536139335329, 4.739835425078183 ], [ -74.125445687886668, 4.740118572541111 ], [ -74.120690260097447, 4.739436806287904 ], [ -74.120573276091264, 4.739309258217388 ], [ -74.120599105350621, 4.737878133286856 ], [ -74.119649714554399, 4.736823369170009 ], [ -74.11864532530322, 4.736299101522881 ], [ -74.116934616795277, 4.736015332088527 ], [ -74.11601416342927, 4.735018119824206 ], [ -74.114603045763545, 4.734694598085831 ], [ -74.114132970850093, 4.73347678952223 ], [ -74.114026338130913, 4.732050742933228 ], [ -74.113312798215901, 4.73179844618822 ], [ -74.112355125851067, 4.730656099850502 ], [ -74.111309597353141, 4.729711134185838 ], [ -74.109986062732645, 4.729338175679183 ], [ -74.10868487370486, 4.727426959151815 ], [ -74.10741824915425, 4.726612690832871 ], [ -74.106603177154241, 4.725873661108631 ], [ -74.105890529266318, 4.726092820136794 ], [ -74.104858186240122, 4.72609627942522 ], [ -74.104091793047033, 4.725823770882214 ], [ -74.103981919206319, 4.723754509992219 ], [ -74.102855591740166, 4.722983039084928 ], [ -74.102142535118773, 4.722097616063682 ], [ -74.100783618554189, 4.721674920502062 ], [ -74.100467095367193, 4.72139523913238 ], [ -74.100367679713003, 4.71895203941597 ], [ -74.099842856076251, 4.717998337854773 ], [ -74.098858430983952, 4.717460061069827 ], [ -74.098298537118495, 4.717664393473251 ], [ -74.097593606657171, 4.717381359483374 ], [ -74.096684456792403, 4.717380015679758 ], [ -74.09524251703094, 4.715831539468471 ], [ -74.094989753567887, 4.714892757863146 ], [ -74.094455291906456, 4.714026338406032 ], [ -74.093510388195071, 4.713193854262933 ], [ -74.093608193169928, 4.711977209404334 ], [ -74.093350764755584, 4.711359256992651 ], [ -74.092254680870099, 4.710399286097177 ], [ -74.091221907550889, 4.710709923544238 ], [ -74.090872516804268, 4.710497395483072 ], [ -74.090465037398147, 4.709692425401248 ], [ -74.09048878166773, 4.708651480086418 ], [ -74.090373923075504, 4.708511781829883 ], [ -74.089820309332211, 4.708580797452658 ], [ -74.089677576016712, 4.708416593474876 ], [ -74.089548205141071, 4.707589682030286 ], [ -74.089823952000671, 4.707230954732027 ], [ -74.089737322067961, 4.707021838436505 ], [ -74.088163676709428, 4.705943740985277 ], [ -74.087988578890872, 4.705654106641657 ], [ -74.087851362129527, 4.704453827905486 ], [ -74.088108245266497, 4.704070311114807 ], [ -74.088173669568647, 4.70218517115899 ], [ -74.08848532209015, 4.700929562685637 ], [ -74.088276745857598, 4.700351865424936 ], [ -74.088539133870611, 4.699794058451558 ], [ -74.088368630934738, 4.698530354875492 ], [ -74.087755268445278, 4.698580016969766 ], [ -74.087319758907327, 4.698073553867374 ], [ -74.08589032818621, 4.697336138463139 ], [ -74.085379335909877, 4.696388993988437 ], [ -74.085144936706158, 4.695016600080624 ], [ -74.084672280034582, 4.694373481800961 ], [ -74.082427869839933, 4.693437888084616 ], [ -74.080948434398508, 4.69314374069139 ], [ -74.080383645613082, 4.691812836003108 ], [ -74.080275100380675, 4.690559238516584 ], [ -74.079454215382469, 4.689538400997996 ], [ -74.078836502352061, 4.687537086564133 ], [ -74.077327791713856, 4.685359688720033 ], [ -74.084095044192566, 4.679974291774244 ], [ -74.085178450154459, 4.678943194531437 ], [ -74.089354312770141, 4.671710759251003 ], [ -74.103415758693458, 4.65350728443259 ], [ -74.120898438376329, 4.681014596748656 ], [ -74.122477105317287, 4.682972131871288 ], [ -74.124650903439033, 4.684803914663055 ], [ -74.124052871598195, 4.685536508612886 ], [ -74.121454651844061, 4.68666117054146 ], [ -74.118400273876858, 4.688651399975804 ], [ -74.120378181774484, 4.69222116126462 ], [ -74.122947738982859, 4.693624086915092 ], [ -74.154778050770574, 4.717644816563162 ] ] ] } },
{ "type": "Feature", "properties": { "codigo_localidad": 11, "nombre_localidad": "Suba" }, "geometry": { "type": "Polygon", "coordinates": [ [ [ -74.034497355947195, 4.825469351614303 ], [ -74.035006259640468, 4.823139530399021 ], [ -74.035082396352379, 4.820499262095804 ], [ -74.042135967064979, 4.777017082770682 ], [ -74.046729115096426, 4.751046995591833 ], [ -74.046835398370959, 4.748819926278677 ], [ -74.057247032414026, 4.686836296175763 ], [ -74.065454011205333, 4.689104933903348 ], [ -74.069087159337045, 4.689659400076104 ], [ -74.071155084714363, 4.689355413443932 ], [ -74.0727490607444, 4.688753629054021 ], [ -74.073927831856849, 4.688061397258016 ], [ -74.077327791713856, 4.685359688720033 ], [ -74.078836502352061, 4.687537086564133 ], [ -74.079454215382469, 4.689538400997996 ], [ -74.080275100380675, 4.690559238516584 ], [ -74.080383645613082, 4.691812836003108 ], [ -74.080948434398508, 4.69314374069139 ], [ -74.082427869839933, 4.693437888084616 ], [ -74.084672280034582, 4.694373481800961 ], [ -74.085144936706158, 4.695016600080624 ], [ -74.085379335909877, 4.696388993988437 ], [ -74.08589032818621, 4.697336138463139 ], [ -74.087319758907327, 4.698073553867374 ], [ -74.087755268445278, 4.698580016969766 ], [ -74.088368630934738, 4.698530354875492 ], [ -74.088539133870611, 4.699794058451558 ], [ -74.088276745857598, 4.700351865424936 ], [ -74.08848532209015, 4.700929562685637 ], [ -74.088173669568647, 4.70218517115899 ], [ -74.088108245266497, 4.704070311114807 ], [ -74.087851362129527, 4.704453827905486 ], [ -74.087988578890872, 4.705654106641657 ], [ -74.088163676709428, 4.705943740985277 ], [ -74.089737322067961, 4.707021838436505 ], [ -74.089823952000671, 4.707230954732027 ], [ -74.089548205141071, 4.707589682030286 ], [ -74.089677576016712, 4.708416593474876 ], [ -74.089820309332211, 4.708580797452658 ], [ -74.090373923075504, 4.708511781829883 ], [ -74.09048878166773, 4.708651480086418 ], [ -74.090465037398147, 4.709692425401248 ], [ -74.090872516804268, 4.710497395483072 ], [ -74.091221907550889, 4.710709923544238 ], [ -74.092254680870099, 4.710399286097177 ], [ -74.093350764755584, 4.711359256992651 ], [ -74.093608193169928, 4.711977209404334 ], [ -74.093510388195071, 4.713193854262933 ], [ -74.094455291906456, 4.714026338406032 ], [ -74.094989753567887, 4.714892757863146 ], [ -74.09524251703094, 4.715831539468471 ], [ -74.096684456792403, 4.717380015679758 ], [ -74.097593606657171, 4.717381359483374 ], [ -74.098298537118495, 4.717664393473251 ], [ -74.098858430983952, 4.717460061069827 ], [ -74.099842856076251, 4.717998337854773 ], [ -74.100367679713003, 4.71895203941597 ], [ -74.100467095367193, 4.72139523913238 ], [ -74.100783618554189, 4.721674920502062 ], [ -74.102142535118773, 4.722097616063682 ], [ -74.102855591740166, 4.722983039084928 ], [ -74.103981919206319, 4.723754509992219 ], [ -74.104091793047033, 4.725823770882214 ], [ -74.104858186240122, 4.72609627942522 ], [ -74.105890529266318, 4.726092820136794 ], [ -74.106603177154241, 4.725873661108631 ], [ -74.10741824915425, 4.726612690832871 ], [ -74.10868487370486, 4.727426959151815 ], [ -74.109986062732645, 4.729338175679183 ], [ -74.111309597353141, 4.729711134185838 ], [ -74.112355125851067, 4.730656099850502 ], [ -74.113312798215901, 4.73179844618822 ], [ -74.114026338130913, 4.732050742933228 ], [ -74.114132970850093, 4.73347678952223 ], [ -74.114603045763545, 4.734694598085831 ], [ -74.11601416342927, 4.735018119824206 ], [ -74.116934616795277, 4.736015332088527 ], [ -74.11864532530322, 4.736299101522881 ], [ -74.119649714554399, 4.736823369170009 ], [ -74.120599105350621, 4.737878133286856 ], [ -74.120573276091264, 4.739309258217388 ], [ -74.120690260097447, 4.739436806287904 ], [ -74.125445687886668, 4.740118572541111 ], [ -74.126129619329902, 4.740017822799985 ], [ -74.126775828717754, 4.739664603701075 ], [ -74.127416704807757, 4.738846278209991 ], [ -74.127379944848016, 4.737305029850354 ], [ -74.128802313014361, 4.737349774268102 ], [ -74.1292255147346, 4.737469289655478 ], [ -74.129437780348042, 4.737830061274662 ], [ -74.129651732099248, 4.738993444749755 ], [ -74.13051507596937, 4.739180679697428 ], [ -74.131676465579389, 4.739745772732066 ], [ -74.131986219062398, 4.740284081436268 ], [ -74.131862303655467, 4.741092745568077 ], [ -74.131320950119175, 4.741822120876122 ], [ -74.130729390639971, 4.743113385212033 ], [ -74.130521384837607, 4.744644658416705 ], [ -74.130066957678082, 4.745918481870953 ], [ -74.129084917612857, 4.746344928874042 ], [ -74.12741001325719, 4.746153683425404 ], [ -74.126873177348457, 4.746303900263486 ], [ -74.12557179877615, 4.747063614017669 ], [ -74.125378600802932, 4.747545588050237 ], [ -74.125448849956456, 4.748307977181495 ], [ -74.125856706655014, 4.749264636886108 ], [ -74.126142953921985, 4.749493345982072 ], [ -74.12757694628813, 4.749312431475879 ], [ -74.127254057639036, 4.750637601136056 ], [ -74.126054244389366, 4.750743405580772 ], [ -74.124281048171952, 4.750036358680157 ], [ -74.123977239739489, 4.749601278565373 ], [ -74.123465339266417, 4.748117433244014 ], [ -74.123383827035838, 4.747418139057991 ], [ -74.1226804937791, 4.747264888515915 ], [ -74.122504412305304, 4.747752649193626 ], [ -74.123240637376185, 4.749912474954593 ], [ -74.124205722638749, 4.752180782961361 ], [ -74.12542007961288, 4.753462441833936 ], [ -74.12523832078648, 4.753973164226087 ], [ -74.120409674013388, 4.754195863907632 ], [ -74.120244415442158, 4.754402676866915 ], [ -74.120760369113796, 4.757784174262234 ], [ -74.12123917744843, 4.759818520897469 ], [ -74.120863322333548, 4.760461478167593 ], [ -74.120127679370981, 4.761151061244 ], [ -74.118619850878375, 4.761613081822834 ], [ -74.116826432685585, 4.761786493884422 ], [ -74.115412696430795, 4.766378776883541 ], [ -74.115454438447102, 4.767221514219093 ], [ -74.115701935087671, 4.767989244742941 ], [ -74.116426675197644, 4.767506033523032 ], [ -74.117144948335891, 4.766690371217241 ], [ -74.117676031433547, 4.766465680159838 ], [ -74.118299633818935, 4.766779558130289 ], [ -74.118146941780211, 4.767530982948708 ], [ -74.117736580578637, 4.76803066505694 ], [ -74.116755381336503, 4.768841268755364 ], [ -74.115824768922977, 4.769296190561089 ], [ -74.114690254211325, 4.77056578601276 ], [ -74.114344639083853, 4.771982697058334 ], [ -74.114876852262128, 4.772308337238623 ], [ -74.116110602066598, 4.77197882352179 ], [ -74.116607991154595, 4.772040775933343 ], [ -74.116523085987197, 4.772436605205504 ], [ -74.115097092220353, 4.773718309578888 ], [ -74.114378396873917, 4.776982137048594 ], [ -74.113883653324464, 4.778118457114158 ], [ -74.113913453137371, 4.778697449166956 ], [ -74.114661890804541, 4.778592629260919 ], [ -74.115820165955469, 4.77769569742084 ], [ -74.116831159620617, 4.77743542599383 ], [ -74.117185645611514, 4.777503432111075 ], [ -74.117209147335984, 4.777790051752955 ], [ -74.116884277901676, 4.778192122575776 ], [ -74.115063005646888, 4.779056091000452 ], [ -74.11434506578361, 4.780061051807785 ], [ -74.114380446829401, 4.780594212959851 ], [ -74.11471266717767, 4.780925988261801 ], [ -74.117134595252224, 4.780290084563386 ], [ -74.117198278619369, 4.780696969146657 ], [ -74.116987850958992, 4.781179025232685 ], [ -74.114366837352847, 4.782245450118603 ], [ -74.11495661637116, 4.785357389623023 ], [ -74.114751497754128, 4.785638783477472 ], [ -74.114334227609703, 4.785605304505977 ], [ -74.113040420936926, 4.784616236890889 ], [ -74.112251442300973, 4.784474620412827 ], [ -74.112098946993285, 4.785340687280728 ], [ -74.112322578091693, 4.785638260690249 ], [ -74.112671808938174, 4.785958653979912 ], [ -74.113146300867882, 4.786003414031677 ], [ -74.114170444072172, 4.786540158447692 ], [ -74.114354048936463, 4.786889538202175 ], [ -74.112949711754482, 4.79022944044918 ], [ -74.112310387953272, 4.790603545796069 ], [ -74.111041381968874, 4.790526001076963 ], [ -74.110424491795271, 4.790647720098095 ], [ -74.11004094440662, 4.790339003908914 ], [ -74.110051224726718, 4.789828636211416 ], [ -74.110547852043339, 4.78952375370192 ], [ -74.111102020945495, 4.789453732836426 ], [ -74.111605349694116, 4.789630390936678 ], [ -74.112387931426937, 4.789433747079004 ], [ -74.112122293309199, 4.788195878649589 ], [ -74.111622886605105, 4.787205039634059 ], [ -74.108048747007757, 4.788846903535567 ], [ -74.10788190740162, 4.790997283055774 ], [ -74.107615661124456, 4.792047021792019 ], [ -74.106290479892053, 4.795094377544288 ], [ -74.105248444043937, 4.796873996157398 ], [ -74.10466061975967, 4.79729963181219 ], [ -74.103866659965476, 4.797478989501119 ], [ -74.103174911382624, 4.797417396563926 ], [ -74.10277998683091, 4.797154482941181 ], [ -74.102796045114914, 4.796627053039061 ], [ -74.103685236210694, 4.795512818031557 ], [ -74.103861341938995, 4.795007890573463 ], [ -74.103495254206194, 4.794882580005856 ], [ -74.102758756047464, 4.795245369634371 ], [ -74.102029776787674, 4.796439513277766 ], [ -74.101922772165977, 4.797173597473845 ], [ -74.101308656888278, 4.798625539499232 ], [ -74.100709584798366, 4.79911408811653 ], [ -74.097936516058994, 4.798604134275914 ], [ -74.096068950922671, 4.799238807993262 ], [ -74.095879380346574, 4.798763337846297 ], [ -74.095884065060787, 4.795621505167399 ], [ -74.095331745789807, 4.793896807513275 ], [ -74.094016870030345, 4.791067355683436 ], [ -74.093873435130618, 4.790798253944994 ], [ -74.093502088660145, 4.790890683631631 ], [ -74.089907002147015, 4.793484232106846 ], [ -74.089382689651657, 4.794150480630009 ], [ -74.087539829083951, 4.795627893104099 ], [ -74.087175191232021, 4.79621343461876 ], [ -74.087256504036603, 4.79680957711727 ], [ -74.089701290641884, 4.796173630000294 ], [ -74.090427292884854, 4.796235156807108 ], [ -74.091571277636248, 4.796685688408802 ], [ -74.091515188626531, 4.797178798402656 ], [ -74.090796063885406, 4.797644789825865 ], [ -74.09005915429826, 4.797835649432748 ], [ -74.089275669758592, 4.797596474929499 ], [ -74.088596747321375, 4.798171237838459 ], [ -74.088318750181969, 4.799106408488012 ], [ -74.088998039131837, 4.801386858703315 ], [ -74.08710120508691, 4.801700521937224 ], [ -74.087096223030343, 4.802061740513047 ], [ -74.087582962590645, 4.802502182483617 ], [ -74.088772623979267, 4.80290094100098 ], [ -74.088476235631063, 4.803308677744289 ], [ -74.087123261422079, 4.803982343815708 ], [ -74.085456644923227, 4.805092485756235 ], [ -74.084194774257099, 4.805668538536475 ], [ -74.081906198391508, 4.807232841173978 ], [ -74.081255025811728, 4.807400551178593 ], [ -74.080530136581402, 4.80786076724196 ], [ -74.07994858433446, 4.808509808509517 ], [ -74.079750330642824, 4.809376052565072 ], [ -74.08004312483159, 4.809988862916883 ], [ -74.082439724008424, 4.810878147159758 ], [ -74.08468289183304, 4.812117577649646 ], [ -74.084947560668567, 4.812982685647909 ], [ -74.08290864907832, 4.813640622477572 ], [ -74.083167265065441, 4.814333898138134 ], [ -74.086049406348295, 4.815055882182708 ], [ -74.086924789439834, 4.815495373163073 ], [ -74.087120206251811, 4.816016783836879 ], [ -74.086786526141211, 4.817680195147889 ], [ -74.086565068067472, 4.821029001762597 ], [ -74.084999193136156, 4.821135524861426 ], [ -74.083423919132031, 4.822142243496421 ], [ -74.082309514106299, 4.819535883661912 ], [ -74.082216751375128, 4.81889399165366 ], [ -74.08278067508293, 4.817981152404625 ], [ -74.082532539740214, 4.816886641873717 ], [ -74.082022747613095, 4.816377404024848 ], [ -74.081640457865845, 4.816682084757373 ], [ -74.080998235201236, 4.818369050961608 ], [ -74.079373485584526, 4.820339087011498 ], [ -74.078952211648883, 4.821114002187606 ], [ -74.079390505964213, 4.822993614535385 ], [ -74.07986674511713, 4.823864068750847 ], [ -74.080177786784247, 4.824981461039164 ], [ -74.080967746380509, 4.825576078106411 ], [ -74.082537402320838, 4.827286951700505 ], [ -74.084320153917943, 4.829691259096347 ], [ -74.085872205573665, 4.831190056794263 ], [ -74.086501701805631, 4.831544173908734 ], [ -74.086713796739161, 4.831836098599829 ], [ -74.086554443692606, 4.832186168528456 ], [ -74.083802070340752, 4.833373115901164 ], [ -74.082940345234775, 4.834005703762529 ], [ -74.079600269769571, 4.835681249954635 ], [ -74.076799675751587, 4.83668513991345 ], [ -74.075623508855159, 4.836779094910344 ], [ -74.07454143599314, 4.836670497598342 ], [ -74.072830032189145, 4.835554563028211 ], [ -74.071714930969108, 4.8341600179564 ], [ -74.070965264406638, 4.832037376791469 ], [ -74.07074250736899, 4.828398735750316 ], [ -74.070273542773236, 4.828348328439271 ], [ -74.068692406363567, 4.828631965629501 ], [ -74.067081529429757, 4.827973596649476 ], [ -74.066975408750309, 4.828341388516001 ], [ -74.067337182773116, 4.830062089876539 ], [ -74.067392020429622, 4.832654507146805 ], [ -74.066307081043533, 4.835099994233061 ], [ -74.066067444661726, 4.8353705956772 ], [ -74.065513041299283, 4.835472300788659 ], [ -74.065233447853615, 4.835390191604345 ], [ -74.064960920556004, 4.834870117009328 ], [ -74.064726385706678, 4.833774164824176 ], [ -74.064998153029578, 4.831866251707833 ], [ -74.064664288764348, 4.830429660409711 ], [ -74.064490764794172, 4.830213600541688 ], [ -74.064102151805614, 4.830437526765659 ], [ -74.063851272109702, 4.831207935995089 ], [ -74.064181215228729, 4.833646526028031 ], [ -74.064106390057148, 4.833947541548125 ], [ -74.063416420138552, 4.835162533477797 ], [ -74.062995604343712, 4.83559998041624 ], [ -74.062605473202339, 4.835204812607004 ], [ -74.062831609702059, 4.833538150203683 ], [ -74.062685902962983, 4.832175355449795 ], [ -74.061916877706125, 4.830651311156037 ], [ -74.060891880204011, 4.827708295887629 ], [ -74.060658361349269, 4.82743771555314 ], [ -74.060210105615766, 4.827641566754257 ], [ -74.060399173135295, 4.828277078079569 ], [ -74.060205907788443, 4.828625236063995 ], [ -74.059034227078527, 4.82894608086999 ], [ -74.057785158303517, 4.829056913655697 ], [ -74.05601858895794, 4.828853909669914 ], [ -74.055451954134583, 4.829574805024 ], [ -74.054286740396407, 4.830562824520348 ], [ -74.053853259254367, 4.831358036584676 ], [ -74.053622193698686, 4.832749630836545 ], [ -74.053296304676536, 4.833085200224927 ], [ -74.052772661426062, 4.833058278558876 ], [ -74.051851604392226, 4.832363375886437 ], [ -74.050295717828547, 4.830528226165694 ], [ -74.049280333198269, 4.8304624515127 ], [ -74.049012408868165, 4.830641572202229 ], [ -74.050028204926818, 4.834536167775799 ], [ -74.050112130930543, 4.834943504219601 ], [ -74.049963409445382, 4.835167397551531 ], [ -74.049324103610502, 4.834760778232682 ], [ -74.047562588186707, 4.830570850206948 ], [ -74.046586258711756, 4.830107743050577 ], [ -74.045536202704781, 4.830526326711309 ], [ -74.044472781563016, 4.832781846264099 ], [ -74.044322897657864, 4.833027870394323 ], [ -74.044145727425956, 4.833000556662854 ], [ -74.04115346706233, 4.828876827600928 ], [ -74.040788289322904, 4.826497285563358 ], [ -74.034497355947195, 4.825469351614303 ] ] ] } },
{ "type": "Feature", "properties": { "codigo_localidad": 12, "nombre_localidad": "Barrios Unidos" }, "geometry": { "type": "Polygon", "coordinates": [ [ [ -74.057247032414026, 4.686836296175763 ], [ -74.062511289336371, 4.655727534192713 ], [ -74.063468339168708, 4.654242786047159 ], [ -74.063834941636145, 4.653313536061161 ], [ -74.064634739581393, 4.649647361439689 ], [ -74.082207081909388, 4.652774536161388 ], [ -74.08361320943375, 4.653346280957033 ], [ -74.084828927355517, 4.654172240277888 ], [ -74.085700457572798, 4.655142792612111 ], [ -74.092012751089356, 4.664409096877303 ], [ -74.092901897269371, 4.665430278130568 ], [ -74.093715416980558, 4.66606522708306 ], [ -74.089354312770141, 4.671710759251003 ], [ -74.085178450154459, 4.678943194531437 ], [ -74.084095044192566, 4.679974291774244 ], [ -74.073927831856849, 4.688061397258016 ], [ -74.0727490607444, 4.688753629054021 ], [ -74.071155084714363, 4.689355413443932 ], [ -74.069087159337045, 4.689659400076104 ], [ -74.066616975562042, 4.689361714623417 ], [ -74.057247032414026, 4.686836296175763 ] ] ] } },
{ "type": "Feature", "properties": { "codigo_localidad": 13, "nombre_localidad": "Teusaquillo" }, "geometry": { "type": "Polygon", "coordinates": [ [ [ -74.093715416980558, 4.66606522708306 ], [ -74.092901897269371, 4.665430278130568 ], [ -74.091709572375919, 4.663999893183143 ], [ -74.085455485198196, 4.654830555561957 ], [ -74.084828927355517, 4.654172240277888 ], [ -74.08361320943375, 4.653346280957033 ], [ -74.082207081909388, 4.652774536161388 ], [ -74.080522149660212, 4.652416740587763 ], [ -74.064634739581393, 4.649647361439689 ], [ -74.069711712140034, 4.62163852054184 ], [ -74.070302152318391, 4.620228152034545 ], [ -74.072829116805892, 4.615417332154534 ], [ -74.078828209105367, 4.623891494096913 ], [ -74.083198946848896, 4.624698288908903 ], [ -74.091451504361089, 4.625717199657367 ], [ -74.110445215928877, 4.645137208252585 ], [ -74.10775446700552, 4.647855020683296 ], [ -74.093715416980558, 4.66606522708306 ] ] ] } },
{ "type": "Feature", "properties": { "codigo_localidad": 14, "nombre_localidad": "Los Mártires" }, "geometry": { "type": "Polygon", "coordinates": [ [ [ -74.072829116805892, 4.615417332154534 ], [ -74.074428351573587, 4.612156383265638 ], [ -74.076702666684056, 4.60807941164335 ], [ -74.083193520126258, 4.598962084049296 ], [ -74.089004895074083, 4.591819547261115 ], [ -74.09071605094303, 4.592532264197419 ], [ -74.099084548619075, 4.59491937022902 ], [ -74.103204473141986, 4.594661255872983 ], [ -74.10402826598677, 4.595840774984027 ], [ -74.107073005929308, 4.598243988462342 ], [ -74.102112729915959, 4.602005270235054 ], [ -74.099120238685302, 4.605019922640077 ], [ -74.083198946848896, 4.624698288908903 ], [ -74.078828209105367, 4.623891494096913 ], [ -74.072829116805892, 4.615417332154534 ] ] ] } },
{ "type": "Feature", "properties": { "codigo_localidad": 15, "nombre_localidad": "Antonio Nariño" }, "geometry": { "type": "Polygon", "coordinates": [ [ [ -74.130754462619535, 4.593353347165682 ], [ -74.126351754733363, 4.593251217988253 ], [ -74.122142906878778, 4.59356224559384 ], [ -74.120902396353472, 4.593784475115504 ], [ -74.114633357616171, 4.595384611229694 ], [ -74.111576336805385, 4.596607005722028 ], [ -74.109095253771045, 4.597829420503199 ], [ -74.107073005929308, 4.598243988462342 ], [ -74.10402826598677, 4.595840774984027 ], [ -74.103204473141986, 4.594661255872983 ], [ -74.099084548619075, 4.59491937022902 ], [ -74.09071605094303, 4.592532264197419 ], [ -74.089004895074083, 4.591819547261115 ], [ -74.084930868173956, 4.589319822735923 ], [ -74.090361761683198, 4.581405629636127 ], [ -74.094582459214692, 4.575796994835735 ], [ -74.102660813630365, 4.581372499064535 ], [ -74.10888231082788, 4.589228359405654 ], [ -74.109327559001812, 4.588826500497481 ], [ -74.110065541177406, 4.588659262632166 ], [ -74.115054507584304, 4.588328690886511 ], [ -74.116863210611641, 4.588447154420578 ], [ -74.124471423638539, 4.58995936728082 ], [ -74.125228168925446, 4.590284100042207 ], [ -74.128030733847154, 4.59253909275484 ], [ -74.130754462619535, 4.593353347165682 ] ] ] } },
{ "type": "Feature", "properties": { "codigo_localidad": 16, "nombre_localidad": "Puente Aranda" }, "geometry": { "type": "Polygon", "coordinates": [ [ [ -74.119523621631217, 4.636108055007027 ], [ -74.110445215928877, 4.645137208252585 ], [ -74.091451504361089, 4.625717199657367 ], [ -74.083198946848896, 4.624698288908903 ], [ -74.099120238685302, 4.605019922640077 ], [ -74.102112729915959, 4.602005270235054 ], [ -74.107073005929308, 4.598243988462342 ], [ -74.109095253771045, 4.597829420503199 ], [ -74.111576336805385, 4.596607005722028 ], [ -74.114633357616171, 4.595384611229694 ], [ -74.122142906878778, 4.59356224559384 ], [ -74.126351754733363, 4.593251217988253 ], [ -74.130754462619535, 4.593353347165682 ], [ -74.137766184416307, 4.594885111149604 ], [ -74.13731327540961, 4.59621164191751 ], [ -74.13025688398703, 4.60695747353788 ], [ -74.129265399034892, 4.608854530482541 ], [ -74.128548806644545, 4.610709857237401 ], [ -74.124502543076602, 4.623924209018414 ], [ -74.119523621631217, 4.636108055007027 ] ] ] } },
{ "type": "Feature", "properties": { "codigo_localidad": 17, "nombre_localidad": "La Candelaria" }, "geometry": { "type": "Polygon", "coordinates": [ [ [ -74.06620872629972, 4.603171741693838 ], [ -74.064999432230536, 4.603409277169408 ], [ -74.064056590152731, 4.603038537551736 ], [ -74.062314399287345, 4.603264548151976 ], [ -74.059550547262788, 4.601978392437047 ], [ -74.059300082588535, 4.60173046245416 ], [ -74.059261305910979, 4.601382840810405 ], [ -74.059626879807439, 4.600893765840675 ], [ -74.060192624400329, 4.600602593813165 ], [ -74.060914603089117, 4.600570731153614 ], [ -74.061379141685478, 4.600081416548436 ], [ -74.062191560062132, 4.600231842884107 ], [ -74.063445593825719, 4.599190630885362 ], [ -74.06383765814158, 4.599230593600186 ], [ -74.064296381943095, 4.599701850813159 ], [ -74.065044789067542, 4.59905639268034 ], [ -74.064711727896182, 4.597414684858359 ], [ -74.06509719857786, 4.597251465884137 ], [ -74.06593204878547, 4.597552559692748 ], [ -74.066368745896227, 4.597285100738482 ], [ -74.066817735553329, 4.596694410931518 ], [ -74.066948714413314, 4.595784690811562 ], [ -74.067333110709924, 4.594877261826603 ], [ -74.068078890262157, 4.593655372972271 ], [ -74.068290153355747, 4.593576144454921 ], [ -74.068001483332452, 4.592704195003655 ], [ -74.068072251712209, 4.592360422892853 ], [ -74.067808907891731, 4.592297328114427 ], [ -74.068203908800257, 4.591934946943407 ], [ -74.0682809411325, 4.591011093505285 ], [ -74.067983692198254, 4.590817911869785 ], [ -74.068054298881265, 4.590656905792421 ], [ -74.068230231234708, 4.590736655776186 ], [ -74.068310052835912, 4.590619646806092 ], [ -74.068081203424015, 4.590469903448792 ], [ -74.068321464134968, 4.589936038530271 ], [ -74.068437592945003, 4.589865292050293 ], [ -74.068790217626642, 4.590167024735767 ], [ -74.069045211606564, 4.590587601927283 ], [ -74.070139807881944, 4.59099048242834 ], [ -74.070579118191858, 4.591456559639649 ], [ -74.071296238791575, 4.589949928507671 ], [ -74.072281036684728, 4.589103380813373 ], [ -74.072782957773327, 4.588988740002487 ], [ -74.074123998762076, 4.589901891140835 ], [ -74.074581899706786, 4.589982192796525 ], [ -74.075691263387128, 4.589801829923035 ], [ -74.078060680441766, 4.591129986401895 ], [ -74.079418608859555, 4.591003330996618 ], [ -74.080009786554768, 4.591220809254046 ], [ -74.080629094094775, 4.591689827809473 ], [ -74.081444635015373, 4.59458825875438 ], [ -74.076698344889223, 4.60211129770761 ], [ -74.074820205683679, 4.602229609416327 ], [ -74.072630720282135, 4.600948888824722 ], [ -74.071067407346007, 4.600609332751148 ], [ -74.06948671739903, 4.600780839865604 ], [ -74.068592890098046, 4.601122496513352 ], [ -74.067944724179526, 4.601557694817515 ], [ -74.067157278967784, 4.602725622959927 ], [ -74.06620872629972, 4.603171741693838 ] ] ] } },
{ "type": "Feature", "properties": { "codigo_localidad": 18, "nombre_localidad": "Rafael Uribe Uribe" }, "geometry": { "type": "Polygon", "coordinates": [ [ [ -74.128290446677269, 4.592653187677856 ], [ -74.125228168925446, 4.590284100042207 ], [ -74.124471423638539, 4.58995936728082 ], [ -74.116863210611641, 4.588447154420578 ], [ -74.115054507584304, 4.588328690886511 ], [ -74.110065541177406, 4.588659262632166 ], [ -74.109327559001812, 4.588826500497481 ], [ -74.10888231082788, 4.589228359405654 ], [ -74.102660813630365, 4.581372499064535 ], [ -74.094582459214692, 4.575796994835735 ], [ -74.104340029001079, 4.56488579981476 ], [ -74.105376509667479, 4.564200573026342 ], [ -74.106271676356513, 4.56389681817482 ], [ -74.105699116245574, 4.562832739418033 ], [ -74.104176193361226, 4.561142321721831 ], [ -74.101761543437092, 4.555905401263681 ], [ -74.101858401587648, 4.554573212506091 ], [ -74.10229754930252, 4.553324029604158 ], [ -74.102509160942418, 4.551327307705384 ], [ -74.102933537659041, 4.549931584816759 ], [ -74.102733676881371, 4.548944573268143 ], [ -74.103179347263492, 4.546926962710718 ], [ -74.102297408267006, 4.545970306817298 ], [ -74.103222301107124, 4.54551391162653 ], [ -74.103713219630123, 4.545517969986339 ], [ -74.103147536122663, 4.543932137291167 ], [ -74.101186612672109, 4.540957088985512 ], [ -74.101353200749969, 4.540714235051537 ], [ -74.100802490361673, 4.540424156153565 ], [ -74.099894245100415, 4.537897836261775 ], [ -74.099664624933993, 4.537839766714237 ], [ -74.099391124760913, 4.537378804702445 ], [ -74.098843644714378, 4.537211603208993 ], [ -74.098148265141134, 4.534945818698275 ], [ -74.09858843783374, 4.534940483291827 ], [ -74.09897130160445, 4.535307459403923 ], [ -74.099601497624036, 4.535996061972541 ], [ -74.100093756433438, 4.536856685084061 ], [ -74.100705279173212, 4.536931658177549 ], [ -74.101069065422223, 4.536453579874519 ], [ -74.101554859954845, 4.537150222942067 ], [ -74.102927645609114, 4.536512965919983 ], [ -74.105138508219468, 4.537624408047069 ], [ -74.106472101276196, 4.539036916693933 ], [ -74.106612324698787, 4.539468208030449 ], [ -74.107410546999006, 4.53954071644436 ], [ -74.1087963240889, 4.539359589571002 ], [ -74.110126653566184, 4.539977019574742 ], [ -74.110719513805932, 4.540605883637448 ], [ -74.112382414872769, 4.541682809788169 ], [ -74.112703263447841, 4.541315597820071 ], [ -74.112567498364015, 4.540377107680928 ], [ -74.114439946742223, 4.540514356786413 ], [ -74.11561819234025, 4.540387936916233 ], [ -74.115772440261068, 4.54056209925944 ], [ -74.116328939393043, 4.54064376490413 ], [ -74.117257290747006, 4.541940978138781 ], [ -74.117731654217621, 4.542264658043113 ], [ -74.11825579064319, 4.542162848445369 ], [ -74.118932673904709, 4.542734346202014 ], [ -74.121148081092116, 4.54542955648171 ], [ -74.121401492240494, 4.555007465738063 ], [ -74.121572730896588, 4.556171377548611 ], [ -74.12233247565824, 4.557988350004893 ], [ -74.123730519243338, 4.559735359112611 ], [ -74.124849578440532, 4.56219795691992 ], [ -74.125065708606328, 4.563689479943315 ], [ -74.126632982214517, 4.566491780802122 ], [ -74.126623955942549, 4.566943751625624 ], [ -74.125255798408645, 4.569567334664126 ], [ -74.128275390014792, 4.580193334825265 ], [ -74.129415985422611, 4.580078214416283 ], [ -74.130875115345347, 4.58589968579484 ], [ -74.129929250436618, 4.586080443647289 ], [ -74.128609744760169, 4.586644792175056 ], [ -74.128290446677269, 4.592653187677856 ] ] ] } },
{ "type": "Feature", "properties": { "codigo_localidad": 19, "nombre_localidad": "Ciudad Bolívar" }, "geometry": { "type": "Polygon", "coordinates": [ [ [ -74.21092453199735, 4.386906729953282 ], [ -74.211432237338059, 4.388208336011661 ], [ -74.211346502127341, 4.389365310701424 ], [ -74.211471801838115, 4.390923082876063 ], [ -74.21227609315639, 4.393007984257618 ], [ -74.212447017402127, 4.394079061666391 ], [ -74.212886376221078, 4.39476639147645 ], [ -74.213080239845908, 4.395505266643235 ], [ -74.212960242890247, 4.396163896005774 ], [ -74.211624858592856, 4.397360742581188 ], [ -74.210403525302254, 4.399101577256645 ], [ -74.208999252798961, 4.402967431429087 ], [ -74.207777764998127, 4.405263831066529 ], [ -74.208148396409612, 4.406993604673002 ], [ -74.208182505440959, 4.407892854134773 ], [ -74.20707517195315, 4.409765560268813 ], [ -74.206241803965781, 4.411741295886809 ], [ -74.205876558852708, 4.412302585654429 ], [ -74.204472610641247, 4.413694045629584 ], [ -74.204078736220097, 4.41444435198927 ], [ -74.203810235171559, 4.416683639219268 ], [ -74.204026880970304, 4.417411033703819 ], [ -74.203975423674208, 4.418258762860879 ], [ -74.203421712912871, 4.419375450414873 ], [ -74.201332945722655, 4.421184938230208 ], [ -74.200613858710767, 4.422049703539989 ], [ -74.198844141668431, 4.426413638536854 ], [ -74.198165091670447, 4.426728527916705 ], [ -74.194712811236343, 4.426435847618926 ], [ -74.194239191570773, 4.426767985136654 ], [ -74.193947838279726, 4.428371610577505 ], [ -74.194016094969967, 4.429854989519129 ], [ -74.195031292750642, 4.433280095717739 ], [ -74.194745695863944, 4.434774884934514 ], [ -74.193427095689302, 4.436762023195957 ], [ -74.191982693645656, 4.440896952241938 ], [ -74.190903906820964, 4.442700933086924 ], [ -74.190761021690179, 4.443605794091996 ], [ -74.190966190612869, 4.445455809972406 ], [ -74.19051496594733, 4.447214017542353 ], [ -74.187432995327853, 4.450128682535379 ], [ -74.186656697310468, 4.451548916971168 ], [ -74.186217051030638, 4.452728681739111 ], [ -74.186382441654231, 4.453444603880921 ], [ -74.186924325196543, 4.454521455602653 ], [ -74.186906923931176, 4.456113675251335 ], [ -74.186450035387779, 4.458450407845726 ], [ -74.185182507131998, 4.462018265787225 ], [ -74.183492877592187, 4.464686889562789 ], [ -74.183087299919507, 4.466782986568349 ], [ -74.183269801652642, 4.467413122953196 ], [ -74.183606402186214, 4.467871321633527 ], [ -74.183634805118885, 4.468661734484061 ], [ -74.183081035967035, 4.470030429016441 ], [ -74.182869685736875, 4.471009777731866 ], [ -74.182932307295346, 4.471576822182894 ], [ -74.183491389982095, 4.47239017400434 ], [ -74.183611112053271, 4.472934347874985 ], [ -74.183308520837997, 4.473833429205759 ], [ -74.18339401799517, 4.474377602899603 ], [ -74.183154282798668, 4.475018965972498 ], [ -74.182201117281622, 4.475683226568778 ], [ -74.182383609133268, 4.476032596021323 ], [ -74.182440562322284, 4.476788659260182 ], [ -74.182297812837106, 4.477023418867922 ], [ -74.182257686889997, 4.478163120422858 ], [ -74.182611253006044, 4.479348818543139 ], [ -74.182576871785173, 4.480007438487121 ], [ -74.182285861650584, 4.480058883643805 ], [ -74.182365677861895, 4.480442699110884 ], [ -74.181754871079406, 4.481450626722498 ], [ -74.181714807116023, 4.481874399927736 ], [ -74.181138459707853, 4.481983077136499 ], [ -74.180950051551733, 4.482452686976517 ], [ -74.180345074835429, 4.482899259843293 ], [ -74.179420217927927, 4.484668865998432 ], [ -74.178415698421034, 4.485338818094243 ], [ -74.17803311761962, 4.486409741795977 ], [ -74.178301115611603, 4.487583962456094 ], [ -74.17896406420644, 4.488616431994422 ], [ -74.179097833233712, 4.48906858311475 ], [ -74.179026517779931, 4.489653712805206 ], [ -74.179221525858452, 4.489813252108506 ], [ -74.179258108850078, 4.490254469514628 ], [ -74.178968818090922, 4.490651494471631 ], [ -74.178947845123986, 4.491018499243157 ], [ -74.179294267836895, 4.493986245002455 ], [ -74.179066393995384, 4.494090568018787 ], [ -74.178931031356811, 4.49444103377958 ], [ -74.179024717556103, 4.494864711679111 ], [ -74.178816770144252, 4.495548016042263 ], [ -74.178776089936605, 4.496511265281288 ], [ -74.179107411071271, 4.497650411622956 ], [ -74.179337100407935, 4.497878559851072 ], [ -74.180071058131048, 4.499548761610243 ], [ -74.181528223438264, 4.504104431583167 ], [ -74.178252646112128, 4.50585251929742 ], [ -74.174974685555526, 4.506771848475793 ], [ -74.173893205581621, 4.507340193221347 ], [ -74.173393770131426, 4.50784759448086 ], [ -74.17416861467467, 4.509407336940597 ], [ -74.174922366775078, 4.510325365785087 ], [ -74.175590038711675, 4.512114985808481 ], [ -74.176174983895464, 4.512512524516734 ], [ -74.177714163591475, 4.513018776780228 ], [ -74.179158749789764, 4.512986907551969 ], [ -74.18148394996949, 4.512238802830927 ], [ -74.181879286847931, 4.512437024113555 ], [ -74.182225186741348, 4.512962114801296 ], [ -74.182855062960698, 4.515118731685671 ], [ -74.182784597313159, 4.516637820470856 ], [ -74.183296778958919, 4.517276530521277 ], [ -74.183079869055476, 4.519151873413957 ], [ -74.183451191271431, 4.520106608990527 ], [ -74.18367661181388, 4.521469213201524 ], [ -74.183146724373856, 4.526292164842615 ], [ -74.18324540430784, 4.527466390032478 ], [ -74.184896920126761, 4.529513493072788 ], [ -74.186252786012631, 4.530828948991292 ], [ -74.187483999873066, 4.532317064188495 ], [ -74.188109504890235, 4.532805979950964 ], [ -74.188076093849872, 4.532955223103755 ], [ -74.1839584187084, 4.535668610984366 ], [ -74.179486465985192, 4.53651587808919 ], [ -74.177367464197445, 4.537388622963324 ], [ -74.176704804860137, 4.53829250417103 ], [ -74.173763335242668, 4.540058636928821 ], [ -74.173377912171716, 4.540525266614295 ], [ -74.173221193883876, 4.541053447873288 ], [ -74.173256353045772, 4.542113416281036 ], [ -74.174076813140843, 4.543672886107945 ], [ -74.175221881260484, 4.544147154684095 ], [ -74.176379778220664, 4.545790497032865 ], [ -74.176104526332793, 4.546525776788062 ], [ -74.174946711119262, 4.547679160639928 ], [ -74.174121012947779, 4.549002385812492 ], [ -74.173858826157385, 4.550018340227515 ], [ -74.173760056391885, 4.55158922467097 ], [ -74.174021994348948, 4.552491315018274 ], [ -74.17417326704954, 4.55243811090039 ], [ -74.174713753711586, 4.553174813949541 ], [ -74.175330782225743, 4.553025643933453 ], [ -74.175790181560345, 4.553120544260557 ], [ -74.17615050210901, 4.55341431458809 ], [ -74.176910671773797, 4.553506945717966 ], [ -74.177063455440688, 4.553866803167375 ], [ -74.177060497288466, 4.554313896201886 ], [ -74.176698310938946, 4.554849044916845 ], [ -74.176477027138375, 4.556008094545041 ], [ -74.176456500634146, 4.556392183226833 ], [ -74.176969280557884, 4.558050911417713 ], [ -74.176448924243019, 4.558867916547717 ], [ -74.176384750395769, 4.560490144993172 ], [ -74.177411793361799, 4.56221457324321 ], [ -74.177804501769714, 4.56384537180752 ], [ -74.177949302108658, 4.565099595797292 ], [ -74.177825004917736, 4.568109113543597 ], [ -74.178517338303834, 4.570167831573084 ], [ -74.177304433007237, 4.570736998577275 ], [ -74.176332944553323, 4.57155682070087 ], [ -74.175597085096754, 4.57169894499189 ], [ -74.17572177934305, 4.572029639937767 ], [ -74.175295714691984, 4.575390756777845 ], [ -74.175964802373471, 4.575447153273451 ], [ -74.176114068237709, 4.576293619536489 ], [ -74.177843017935828, 4.577742578479344 ], [ -74.178800787318707, 4.577117852556344 ], [ -74.179389459612594, 4.576976545991707 ], [ -74.179701445409094, 4.578366590184219 ], [ -74.180915133138328, 4.587880147869558 ], [ -74.182652066164366, 4.591563754534554 ], [ -74.183193639787902, 4.593664235039703 ], [ -74.183344531602799, 4.593770172419767 ], [ -74.18314086017169, 4.593876212758482 ], [ -74.183798536554136, 4.596403439553788 ], [ -74.181865686354527, 4.596841544606758 ], [ -74.178699477117604, 4.596993214477121 ], [ -74.175788303183097, 4.596781593169238 ], [ -74.167947803790042, 4.595754473731395 ], [ -74.163311197960084, 4.595717124573281 ], [ -74.160680917333451, 4.596193635786554 ], [ -74.152160100419536, 4.599758615198009 ], [ -74.152177837654818, 4.599249932043291 ], [ -74.151969167099153, 4.598714414479806 ], [ -74.151496653259699, 4.59840516385229 ], [ -74.151205924297784, 4.597906793228582 ], [ -74.150707793201391, 4.597499097458966 ], [ -74.149718431866575, 4.596070643575572 ], [ -74.149695210416482, 4.595711463683243 ], [ -74.150066803025339, 4.595625802645398 ], [ -74.15048779758493, 4.596230813893254 ], [ -74.150953975606683, 4.596519796600145 ], [ -74.151775070810643, 4.596398967795246 ], [ -74.152143216583767, 4.595993181108166 ], [ -74.15282334456009, 4.59446621542081 ], [ -74.154128842806315, 4.593462269059862 ], [ -74.154187396793176, 4.592856341227916 ], [ -74.154092879652239, 4.592583885797534 ], [ -74.153322672212468, 4.592181984007485 ], [ -74.152670628266847, 4.592566159844853 ], [ -74.152401085172585, 4.592958106917104 ], [ -74.152054618442236, 4.593044121075012 ], [ -74.151217201747841, 4.591988125742599 ], [ -74.15138850238769, 4.591400205597199 ], [ -74.152822925945188, 4.591460800407644 ], [ -74.15297135098632, 4.591059041254145 ], [ -74.153355961081942, 4.590872954148647 ], [ -74.15425967074934, 4.591257838978204 ], [ -74.154823811849468, 4.590539691754923 ], [ -74.156497232188272, 4.590018011062408 ], [ -74.156641640861778, 4.589240190791247 ], [ -74.156956504860446, 4.588703541042763 ], [ -74.155043803872644, 4.587933215936705 ], [ -74.153321124415228, 4.587904403464453 ], [ -74.153051442082102, 4.58744127081837 ], [ -74.153387136215557, 4.586717476702828 ], [ -74.153069738967801, 4.586379133440367 ], [ -74.152215156366665, 4.586690429090656 ], [ -74.151757918378621, 4.587417470985408 ], [ -74.151849339026782, 4.587755391109642 ], [ -74.152537480873761, 4.588369794100498 ], [ -74.152647900890173, 4.58869655753824 ], [ -74.151383299345582, 4.588958699930672 ], [ -74.150956818774532, 4.588698814932119 ], [ -74.150494797257608, 4.587985611526871 ], [ -74.150423718060765, 4.5878174637006 ], [ -74.151185336708096, 4.586182025842113 ], [ -74.151916409940824, 4.585942553164161 ], [ -74.152155057277525, 4.585407672117788 ], [ -74.151495068631533, 4.584831896788875 ], [ -74.150591297878705, 4.5845211635612 ], [ -74.150611636635048, 4.584353014023905 ], [ -74.151388452082045, 4.58377731485315 ], [ -74.151484869159802, 4.583058957737034 ], [ -74.151114270087646, 4.582574923192623 ], [ -74.150743600946925, 4.582473085283575 ], [ -74.149834830171187, 4.583008034789293 ], [ -74.149325165604878, 4.582930418678875 ], [ -74.14842153319259, 4.583309790071536 ], [ -74.147884354127399, 4.582925748942973 ], [ -74.147550142214158, 4.582250327511019 ], [ -74.147215860232322, 4.581947291296117 ], [ -74.14719509926779, 4.581785355538586 ], [ -74.147611097397771, 4.581293061441056 ], [ -74.147942142749628, 4.581577384032193 ], [ -74.148768217315236, 4.581782896647797 ], [ -74.149314336414122, 4.581454088433462 ], [ -74.149652288912222, 4.580354524141101 ], [ -74.149433845584568, 4.579439981811907 ], [ -74.149990243206929, 4.578326784795868 ], [ -74.148717016937297, 4.576470225819093 ], [ -74.148454232767222, 4.576590139262679 ], [ -74.148355212371797, 4.576932649212062 ], [ -74.148775068765914, 4.577662236944002 ], [ -74.148713630288682, 4.577888294981253 ], [ -74.148355204286958, 4.578080168279318 ], [ -74.147901213708664, 4.577669080866186 ], [ -74.147675946778108, 4.576939494036688 ], [ -74.147058125949897, 4.576494224806611 ], [ -74.147355117067676, 4.575672129408552 ], [ -74.147723746134389, 4.575315918430567 ], [ -74.147594048271984, 4.574740498531583 ], [ -74.147805669793357, 4.574356818148174 ], [ -74.147447324639998, 4.573743682721709 ], [ -74.147064974705614, 4.573788243228695 ], [ -74.146832869799141, 4.574582937224613 ], [ -74.146508578879889, 4.574795289530639 ], [ -74.145993151620999, 4.574490416269134 ], [ -74.145614332964001, 4.573438864530749 ], [ -74.145180827567444, 4.573038086518264 ], [ -74.144839504590408, 4.573010681997505 ], [ -74.144143132378801, 4.573952615536419 ], [ -74.143685757846839, 4.574305429840464 ], [ -74.143637970168669, 4.574603451170213 ], [ -74.143849580011945, 4.5751446227942 ], [ -74.143040606674404, 4.575757740902963 ], [ -74.143095205379055, 4.576620942778573 ], [ -74.142617555871126, 4.577316763403776 ], [ -74.142122322739837, 4.577300159966826 ], [ -74.140961146030534, 4.57607416226561 ], [ -74.14082906403938, 4.575417032937356 ], [ -74.141005218276689, 4.575118801514763 ], [ -74.141676607441937, 4.574721216733797 ], [ -74.142105835061116, 4.574218687213975 ], [ -74.142705642871263, 4.574207677606617 ], [ -74.142925780421507, 4.574019899973926 ], [ -74.143233967242693, 4.573025914591502 ], [ -74.14319547622938, 4.572617232157644 ], [ -74.142777242192651, 4.572269345614473 ], [ -74.142568164700165, 4.571855152106802 ], [ -74.14180318815032, 4.571722584165531 ], [ -74.142045363171121, 4.570839049484312 ], [ -74.141869287087232, 4.570645756735306 ], [ -74.140680585997629, 4.570612614920225 ], [ -74.14046045473556, 4.570469038875172 ], [ -74.140493482195311, 4.569281690081545 ], [ -74.141115385866499, 4.569303805261725 ], [ -74.14152257601512, 4.569121538798177 ], [ -74.141709707665214, 4.568845486213506 ], [ -74.141654677769225, 4.568668718659259 ], [ -74.141302449244634, 4.568746043500195 ], [ -74.140460494261433, 4.568326329227985 ], [ -74.140692609049381, 4.567243502468759 ], [ -74.140449011995472, 4.564958416705392 ], [ -74.139196585317947, 4.56369703141799 ], [ -74.137991990336005, 4.563505058454207 ], [ -74.137472864713118, 4.562353292126361 ], [ -74.136099735004095, 4.561909970437377 ], [ -74.135198053732594, 4.561133046439809 ], [ -74.13387728502488, 4.560712533432471 ], [ -74.133814237664978, 4.56033668897813 ], [ -74.134110456231596, 4.559841290768907 ], [ -74.134196829246164, 4.558893769753729 ], [ -74.133987085203742, 4.557463266078472 ], [ -74.13476091375243, 4.557433626752799 ], [ -74.13525832170501, 4.557141268440844 ], [ -74.134567202841168, 4.556354815000917 ], [ -74.133653891980018, 4.55644151501311 ], [ -74.133191052097871, 4.556218551251694 ], [ -74.133847517551303, 4.555429379028357 ], [ -74.133887778245708, 4.555187151435418 ], [ -74.132807803848195, 4.553468629924395 ], [ -74.132077276791179, 4.552915929658368 ], [ -74.131969192394507, 4.552638314499307 ], [ -74.132074098551684, 4.550920531942261 ], [ -74.132381077138788, 4.550481420036004 ], [ -74.132243939429216, 4.549917790776242 ], [ -74.131969634365603, 4.54955076478758 ], [ -74.131499409433516, 4.549360639013934 ], [ -74.13021938291719, 4.549734184227145 ], [ -74.12955970957988, 4.549688330043242 ], [ -74.128808700934357, 4.549340919537899 ], [ -74.127835570360105, 4.549753808771042 ], [ -74.127097574709794, 4.54961614054714 ], [ -74.125363668107951, 4.547505709242022 ], [ -74.125494372981805, 4.546902750504372 ], [ -74.12630418085422, 4.546122843542877 ], [ -74.126545833953884, 4.546273629555461 ], [ -74.126666852294008, 4.546928359672071 ], [ -74.126939816172865, 4.547216574234223 ], [ -74.128008717936183, 4.54689627791651 ], [ -74.129386758734839, 4.546791452073111 ], [ -74.129984382740545, 4.546175373824193 ], [ -74.129533735691737, 4.545618300656824 ], [ -74.128599833647641, 4.5452708837112 ], [ -74.128384361048646, 4.545021866674024 ], [ -74.127809627014699, 4.545093951858169 ], [ -74.127065070967888, 4.545493711167159 ], [ -74.126470777016948, 4.545454350805991 ], [ -74.1260071205662, 4.544720301257487 ], [ -74.124906655597059, 4.544215599783092 ], [ -74.124887109154798, 4.543815813796011 ], [ -74.125344292345588, 4.542655810543313 ], [ -74.125001479063499, 4.541580947274114 ], [ -74.12497215176441, 4.53936570492306 ], [ -74.124544522248144, 4.537084914110228 ], [ -74.123904528303768, 4.536160741119928 ], [ -74.124140669340804, 4.535054683189469 ], [ -74.12408418237743, 4.534561606648735 ], [ -74.123391980145357, 4.533526060998605 ], [ -74.123065789289285, 4.532337506803317 ], [ -74.123213275590942, 4.52745905489211 ], [ -74.124786563419988, 4.527585519113493 ], [ -74.125509573374728, 4.526049124190711 ], [ -74.126782078297182, 4.525561154001859 ], [ -74.127563269437914, 4.524990577579929 ], [ -74.128856430222015, 4.524717688061534 ], [ -74.129002343573617, 4.524426464542495 ], [ -74.127580261071529, 4.522058660085245 ], [ -74.125780245651299, 4.52051268569187 ], [ -74.125610304162478, 4.520161510712115 ], [ -74.125886367229086, 4.518101921812887 ], [ -74.125778352002698, 4.51555779254147 ], [ -74.125984724667845, 4.514647635736202 ], [ -74.126677033799439, 4.513205933579172 ], [ -74.127312187621072, 4.510692522728719 ], [ -74.126708858415014, 4.507146013898749 ], [ -74.126737326026358, 4.506211804031635 ], [ -74.128136275113263, 4.505480831166039 ], [ -74.128468104694377, 4.504572879092377 ], [ -74.128377083796536, 4.504246647961997 ], [ -74.127718874713125, 4.503434331059301 ], [ -74.126845114877298, 4.501319848896607 ], [ -74.125598971016842, 4.501797397820059 ], [ -74.124489406113881, 4.500628151524678 ], [ -74.122738962425984, 4.499698859688178 ], [ -74.122548201582148, 4.49869371019846 ], [ -74.121866539283289, 4.497542482740056 ], [ -74.121617507421931, 4.496665736956776 ], [ -74.122108586743352, 4.494879192761124 ], [ -74.121349195019604, 4.492998250042008 ], [ -74.121841387353669, 4.492312004971201 ], [ -74.123007471559347, 4.491849868619515 ], [ -74.123121094968056, 4.491505503935397 ], [ -74.122904040435856, 4.491253488019005 ], [ -74.122447276758294, 4.491106899680642 ], [ -74.120685745164835, 4.491239921228487 ], [ -74.120422942130133, 4.490887369071863 ], [ -74.121652470751087, 4.488175673020536 ], [ -74.121657816625344, 4.487357371075404 ], [ -74.121290075094123, 4.485747110123697 ], [ -74.121770961232016, 4.4842348115314 ], [ -74.122622049386706, 4.482343237858183 ], [ -74.123222880377952, 4.481952694089228 ], [ -74.123502534909065, 4.481570917729234 ], [ -74.123818361901712, 4.480651284518156 ], [ -74.124259405061807, 4.480141278816824 ], [ -74.124528218724066, 4.479113450692797 ], [ -74.124775549176292, 4.478906076555764 ], [ -74.125450918776551, 4.478749226960497 ], [ -74.126977612788451, 4.477557780076909 ], [ -74.12841856260647, 4.475290974066462 ], [ -74.128719000559968, 4.475349347733215 ], [ -74.12930626699044, 4.476061078903405 ], [ -74.129794399837721, 4.476394131694127 ], [ -74.130312521144162, 4.476370672105576 ], [ -74.130605675557348, 4.475390240642361 ], [ -74.131331234032544, 4.474340731972684 ], [ -74.132452109623259, 4.473204412441432 ], [ -74.133313388266515, 4.471418555103516 ], [ -74.134529581397075, 4.469861007116555 ], [ -74.135112478422016, 4.468750123294763 ], [ -74.136298779213178, 4.468047125933691 ], [ -74.136490745596134, 4.466986813137217 ], [ -74.136803254212111, 4.46624083305411 ], [ -74.137870891147514, 4.46618060210884 ], [ -74.13826053001209, 4.465818780181982 ], [ -74.138415005206667, 4.46523460314434 ], [ -74.137757356672012, 4.464392759154774 ], [ -74.137644309083413, 4.463792195259352 ], [ -74.137782631670845, 4.463397919522916 ], [ -74.138130225786867, 4.463205738224535 ], [ -74.138395501883537, 4.46268003319315 ], [ -74.139511901169186, 4.458007456206095 ], [ -74.139692049316267, 4.457696963236687 ], [ -74.140461521035803, 4.45727861681333 ], [ -74.140860847332419, 4.455968647178883 ], [ -74.141660562632651, 4.454790113685558 ], [ -74.142122542827067, 4.451975715789859 ], [ -74.144009289689677, 4.44894651157825 ], [ -74.144240109106974, 4.448276536986947 ], [ -74.144555283922728, 4.445477484696692 ], [ -74.144516641992467, 4.444149771644146 ], [ -74.144360227335184, 4.443528479226083 ], [ -74.143559601143281, 4.442228841142931 ], [ -74.143205443935784, 4.439884396837472 ], [ -74.14360483131783, 4.437734684709765 ], [ -74.143449809049258, 4.435848224423423 ], [ -74.143296498071294, 4.4352182204348 ], [ -74.142583763945098, 4.43402039599769 ], [ -74.143555732997655, 4.433424837175417 ], [ -74.143851921919889, 4.432967540446774 ], [ -74.143353514142376, 4.430756513920096 ], [ -74.143954188826783, 4.426522426938552 ], [ -74.144105047404025, 4.42628931620833 ], [ -74.144595799738667, 4.426087429972118 ], [ -74.14474554530328, 4.42575569697676 ], [ -74.144565150119504, 4.422982272270521 ], [ -74.144810912113229, 4.421698560183601 ], [ -74.144002239711327, 4.420633031668174 ], [ -74.14374154142935, 4.420041634875827 ], [ -74.144447460935808, 4.419359185512946 ], [ -74.144714140200946, 4.418797052907469 ], [ -74.145018086973948, 4.416813805467841 ], [ -74.144979519603865, 4.415595180258634 ], [ -74.144840825113874, 4.415374305137628 ], [ -74.145044130930671, 4.415148196671016 ], [ -74.144611320830151, 4.41388903066786 ], [ -74.14396145529912, 4.413007012749534 ], [ -74.144200894051565, 4.410886068029938 ], [ -74.143310578265044, 4.408269243660225 ], [ -74.143467241755658, 4.407101214548386 ], [ -74.144224850323567, 4.405779898441737 ], [ -74.144290865717167, 4.404781349762294 ], [ -74.144015847391259, 4.404202622927859 ], [ -74.144319786977746, 4.403443088953303 ], [ -74.144269165114835, 4.40256387819062 ], [ -74.143792003392107, 4.401291289909975 ], [ -74.143844799177984, 4.400301433032887 ], [ -74.143390292966728, 4.400047102867505 ], [ -74.143524872274398, 4.399505693956004 ], [ -74.14327305114405, 4.399453157633108 ], [ -74.143177401227561, 4.399262073028517 ], [ -74.143296498071294, 4.397745739452748 ], [ -74.142893475207288, 4.395246703679185 ], [ -74.142414155731231, 4.394982203204153 ], [ -74.141385148149695, 4.393434953842258 ], [ -74.141129583739556, 4.392087741850681 ], [ -74.141290756772889, 4.391587225599992 ], [ -74.142404365891267, 4.390533124897839 ], [ -74.142454826955728, 4.388492400573641 ], [ -74.142723778060216, 4.387767187470923 ], [ -74.14354741100486, 4.387750333414651 ], [ -74.144455082242672, 4.388188849556156 ], [ -74.145446806146666, 4.387902147990131 ], [ -74.14608554424629, 4.387986480052699 ], [ -74.146404909702838, 4.387851559854454 ], [ -74.146841943681821, 4.38721067827955 ], [ -74.14761515418958, 4.386923969172482 ], [ -74.148028407068054, 4.386936475600124 ], [ -74.149312839820851, 4.387767253751443 ], [ -74.150489460366515, 4.387143239609783 ], [ -74.151212238555914, 4.387227567279665 ], [ -74.152926735259413, 4.388492482976338 ], [ -74.153666323622716, 4.388796062532154 ], [ -74.154170586619244, 4.388812926417344 ], [ -74.155448062818493, 4.389335753244239 ], [ -74.156826386586474, 4.389318885788176 ], [ -74.157801306604753, 4.389959768240374 ], [ -74.158591324591484, 4.390162146165661 ], [ -74.159717518208666, 4.389926023503525 ], [ -74.160759662752938, 4.389217663130007 ], [ -74.161297546995598, 4.389150196875444 ], [ -74.162692686327389, 4.389605548295884 ], [ -74.163131403749205, 4.389286397662249 ], [ -74.163496074838804, 4.388200445949814 ], [ -74.164037890109171, 4.387746551843364 ], [ -74.165489053771964, 4.387037591981203 ], [ -74.166612865955329, 4.385581164739067 ], [ -74.167811272443245, 4.385188134456655 ], [ -74.169649573162587, 4.385910918279852 ], [ -74.171014994428134, 4.386003606408344 ], [ -74.173763620008629, 4.387233926629425 ], [ -74.175672340561377, 4.388411628902748 ], [ -74.176651435949111, 4.388645169794586 ], [ -74.177271129764705, 4.388561008881537 ], [ -74.178085333992144, 4.387671802661184 ], [ -74.178483512241826, 4.386974475863798 ], [ -74.17975645015224, 4.385768048503917 ], [ -74.180236366109639, 4.383918870873713 ], [ -74.181546270592321, 4.383661867766024 ], [ -74.184295129734764, 4.385031458443267 ], [ -74.1855238929911, 4.384922255538981 ], [ -74.188149786245887, 4.385268413849185 ], [ -74.190219454354846, 4.385890145561233 ], [ -74.191986464773223, 4.386026174971218 ], [ -74.193185801915774, 4.386730689619792 ], [ -74.19508979822848, 4.387137356762726 ], [ -74.19636352485972, 4.387038568276004 ], [ -74.197611740235203, 4.387257483093515 ], [ -74.199614692264632, 4.387129706732683 ], [ -74.200667143180141, 4.386679587282306 ], [ -74.202953616089673, 4.386118658869378 ], [ -74.203793981054815, 4.386317987135606 ], [ -74.21092453199735, 4.386906729953282 ] ] ] } },
{ "type": "Feature", "properties": { "codigo_localidad": 20, "nombre_localidad": "Sumapaz" }, "geometry": { "type": "Polygon", "coordinates": [ [ [ -74.205844892340622, 4.269664096785172 ], [ -74.205496637064542, 4.271151422642768 ], [ -74.205529083314289, 4.272903258440647 ], [ -74.205304864717704, 4.274578342062521 ], [ -74.204944847799581, 4.276068545599862 ], [ -74.204185094054793, 4.278256113914892 ], [ -74.202922607144387, 4.280399378196591 ], [ -74.201960939971485, 4.282826497099965 ], [ -74.200186286686659, 4.285413516458767 ], [ -74.197901552915525, 4.287416337559703 ], [ -74.197036557941942, 4.28840278627789 ], [ -74.194965519902169, 4.290119657213721 ], [ -74.194762584191281, 4.289739513487127 ], [ -74.191984878348435, 4.287402435617381 ], [ -74.19071053098132, 4.286588014622282 ], [ -74.18911799944226, 4.284765991599678 ], [ -74.188649047422928, 4.284038554982122 ], [ -74.188228666412655, 4.282938231073326 ], [ -74.187708876036453, 4.28288229152833 ], [ -74.185446580384493, 4.281933434536041 ], [ -74.183498852287144, 4.281716487762503 ], [ -74.178050123626264, 4.28181542259365 ], [ -74.176099465224468, 4.281983205618013 ], [ -74.172469724402603, 4.282688524925006 ], [ -74.169899971361517, 4.282328613792078 ], [ -74.168450677092821, 4.28271871899368 ], [ -74.167198587283508, 4.282737155595698 ], [ -74.165103258798467, 4.283133436278536 ], [ -74.162696477217878, 4.283142380905748 ], [ -74.160491175179132, 4.283715772050529 ], [ -74.157957635023763, 4.285348889589256 ], [ -74.157327968111886, 4.286205140523313 ], [ -74.153454028364891, 4.289682160869407 ], [ -74.150997846630219, 4.292407032512059 ], [ -74.146466720980925, 4.296590724045545 ], [ -74.14452897586132, 4.29879724492983 ], [ -74.140570839717697, 4.302055279157964 ], [ -74.137478382165568, 4.304246518306464 ], [ -74.133939507731355, 4.305756405155653 ], [ -74.132404579761584, 4.306122762912327 ], [ -74.130012156852501, 4.305741210041481 ], [ -74.128559289085615, 4.30584406796075 ], [ -74.12731927622697, 4.306517221975461 ], [ -74.124398499302075, 4.306656296128222 ], [ -74.126080017953186, 4.305761049774293 ], [ -74.126823604717814, 4.305169061772099 ], [ -74.127330757594621, 4.304396644130286 ], [ -74.128008151997548, 4.302594842952499 ], [ -74.129341640849702, 4.300021142153887 ], [ -74.1301947511121, 4.297184047170422 ], [ -74.131976021387288, 4.293645595182447 ], [ -74.132391139168277, 4.291732876179917 ], [ -74.13387928377638, 4.288170345782281 ], [ -74.137255385277768, 4.283421255248845 ], [ -74.139215072646479, 4.281460317062144 ], [ -74.140932603859014, 4.279319150156364 ], [ -74.141796501091335, 4.278728660049535 ], [ -74.141815522019158, 4.277784598569109 ], [ -74.143080700282155, 4.273103474722794 ], [ -74.143778444221226, 4.269402715535867 ], [ -74.144826920989928, 4.267713721896906 ], [ -74.146030817082547, 4.26618510791467 ], [ -74.146640653684528, 4.26441423297517 ], [ -74.147521626992102, 4.262691062295159 ], [ -74.149982485356148, 4.259671989059368 ], [ -74.151319528841881, 4.257189598150515 ], [ -74.152408539392823, 4.255653551077389 ], [ -74.152633455082082, 4.254702293617851 ], [ -74.151512069248284, 4.251059362161712 ], [ -74.150958952273356, 4.250272508958394 ], [ -74.1483380572448, 4.247505284301071 ], [ -74.145990161129433, 4.245820570457043 ], [ -74.145504761855548, 4.24500847847843 ], [ -74.145270421940637, 4.240356850152077 ], [ -74.143939089045176, 4.236761262606713 ], [ -74.142925097701905, 4.23520147662727 ], [ -74.143049484724344, 4.234559694084491 ], [ -74.142684388731624, 4.233725293115747 ], [ -74.141504855847828, 4.232297600891612 ], [ -74.139926681183638, 4.231378805056924 ], [ -74.138110956025713, 4.230663611965541 ], [ -74.137268633631578, 4.23011645442585 ], [ -74.136528019392216, 4.22947632502537 ], [ -74.13608861026762, 4.228660191636052 ], [ -74.136354753238521, 4.226833375651351 ], [ -74.136764738046011, 4.225992895925177 ], [ -74.137921001869003, 4.224495376634133 ], [ -74.137675654896924, 4.223613438625597 ], [ -74.137693456810894, 4.22267607172325 ], [ -74.138103541331361, 4.221841303192337 ], [ -74.138264752992242, 4.220896038769888 ], [ -74.138196041754483, 4.21993713073766 ], [ -74.138437720905259, 4.218996356840079 ], [ -74.139173528259548, 4.218396618944022 ], [ -74.139312689873464, 4.217503116224389 ], [ -74.138929773102149, 4.217369425429643 ], [ -74.13848593618151, 4.216538602042061 ], [ -74.139028754870026, 4.215741808844302 ], [ -74.138949272832008, 4.214823063282451 ], [ -74.138245273025305, 4.213011006742627 ], [ -74.1377481642117, 4.212178610892084 ], [ -74.13643816540592, 4.210838607308705 ], [ -74.13687140759609, 4.210014913614264 ], [ -74.136981159265929, 4.209081861054352 ], [ -74.136524234789917, 4.208248852689675 ], [ -74.135875495746248, 4.205344576922494 ], [ -74.135361476147409, 4.204529580166898 ], [ -74.133498091770406, 4.204683629749838 ], [ -74.133200281389108, 4.203756777588809 ], [ -74.133453036767321, 4.202792980113584 ], [ -74.133293602872385, 4.201898305561227 ], [ -74.132561941243139, 4.200143803992264 ], [ -74.1310321992475, 4.197744326572125 ], [ -74.127941550902392, 4.195717132748594 ], [ -74.126130902124146, 4.196253201656541 ], [ -74.125212314558993, 4.195935752127957 ], [ -74.124467726172824, 4.195392808699081 ], [ -74.124394206253342, 4.194485400169984 ], [ -74.125220211648667, 4.192821497081023 ], [ -74.125784402156114, 4.187081774237178 ], [ -74.124545743058619, 4.185552102659096 ], [ -74.12382371765743, 4.184985961130741 ], [ -74.12336550589562, 4.184078682979336 ], [ -74.123326226161495, 4.183159324058848 ], [ -74.123545964859787, 4.182276027654673 ], [ -74.123061383052828, 4.181500571742183 ], [ -74.122165270437762, 4.181154206538316 ], [ -74.121470633771281, 4.180513364970761 ], [ -74.119588868965238, 4.18059909246112 ], [ -74.118757691968838, 4.181000273267345 ], [ -74.118163317169518, 4.181803549001822 ], [ -74.117356011105144, 4.182255789646462 ], [ -74.116468374993119, 4.182063567514872 ], [ -74.115696420330138, 4.182566694635119 ], [ -74.113732024891021, 4.182202260027049 ], [ -74.11282679617247, 4.18231314216608 ], [ -74.110969169996437, 4.182141354267507 ], [ -74.110529611751502, 4.181313779622224 ], [ -74.110668394276388, 4.180397433142145 ], [ -74.111170732183254, 4.179584133240061 ], [ -74.111192886434793, 4.178566702633326 ], [ -74.110218113740217, 4.177021576677309 ], [ -74.109800816646327, 4.175182286625565 ], [ -74.109656517567302, 4.172335204571386 ], [ -74.109181729193551, 4.169519666227514 ], [ -74.109453343802869, 4.168647038539667 ], [ -74.110213997659585, 4.168155476239583 ], [ -74.110976253212442, 4.166458291281362 ], [ -74.112711220724634, 4.164249174923655 ], [ -74.112734894027327, 4.163317426058265 ], [ -74.112484038585919, 4.162446965054361 ], [ -74.112432522899311, 4.161487810625737 ], [ -74.113069803931552, 4.160838153019425 ], [ -74.113555302918428, 4.160047950137086 ], [ -74.11386113435691, 4.158191947636226 ], [ -74.114815173934744, 4.156623263788463 ], [ -74.114964396679824, 4.155649604847146 ], [ -74.114524406345254, 4.154799194000965 ], [ -74.115031323863448, 4.15295156977721 ], [ -74.115175772961138, 4.148149567576549 ], [ -74.114402860694042, 4.142711509244265 ], [ -74.11480633900392, 4.141870277111871 ], [ -74.116893965333716, 4.139870909627015 ], [ -74.116899623821695, 4.139003107998811 ], [ -74.117237267299316, 4.138053961786504 ], [ -74.117825298196109, 4.137192961300875 ], [ -74.117830956684074, 4.136319508509234 ], [ -74.117093880010316, 4.135447724854641 ], [ -74.116283077702832, 4.135000233798827 ], [ -74.115421057051151, 4.134995115978747 ], [ -74.11468398397065, 4.134128979111821 ], [ -74.113776386394676, 4.134128941480747 ], [ -74.112954335383236, 4.133647547649367 ], [ -74.111195427768735, 4.133216394648914 ], [ -74.109441038680089, 4.132439473927562 ], [ -74.108740556676054, 4.131409489832134 ], [ -74.107895418961817, 4.131404363925077 ], [ -74.10559134625926, 4.129831922050005 ], [ -74.103362682633204, 4.128214843589212 ], [ -74.102722430872333, 4.126941353724211 ], [ -74.10147900800888, 4.125506810746653 ], [ -74.099420311024488, 4.12355131088171 ], [ -74.098557738807202, 4.123546175067999 ], [ -74.095947030673997, 4.122315496244233 ], [ -74.095006257416287, 4.122196224572415 ], [ -74.093283314752483, 4.122974082667726 ], [ -74.089673822855445, 4.122565355003779 ], [ -74.090135268552288, 4.121748433056545 ], [ -74.090986585777372, 4.121747927717129 ], [ -74.091758602424122, 4.121224249872092 ], [ -74.092427144828221, 4.119836715654311 ], [ -74.09478932236, 4.118254941488273 ], [ -74.096028959722844, 4.116891735587805 ], [ -74.096467890045389, 4.116080458875461 ], [ -74.09647357099125, 4.115206441681363 ], [ -74.098126257315002, 4.112833082252406 ], [ -74.098131934667592, 4.111976013869477 ], [ -74.098469588925013, 4.111021225486319 ], [ -74.098395371014547, 4.110135338741292 ], [ -74.098919252318581, 4.1093929929395 ], [ -74.098896799826363, 4.108467560918517 ], [ -74.100830773818387, 4.106443366991758 ], [ -74.101675884583187, 4.106442849994517 ], [ -74.104309171871066, 4.105494398739618 ], [ -74.10593698294629, 4.104590522913841 ], [ -74.107300380307493, 4.102933517019902 ], [ -74.108128064654096, 4.102518300002736 ], [ -74.109081764668744, 4.102513260822944 ], [ -74.115344172940922, 4.100929903077479 ], [ -74.116308576382181, 4.10053954228691 ], [ -74.11821710379715, 4.100307971476935 ], [ -74.119545043755792, 4.097975797138815 ], [ -74.120552209699525, 4.097378086224657 ], [ -74.121676367734281, 4.097985470555216 ], [ -74.121977990565654, 4.096632927606247 ], [ -74.123104987276704, 4.096400757123338 ], [ -74.125266717430932, 4.095352787183655 ], [ -74.12708971624771, 4.09478559730466 ], [ -74.129731978603587, 4.091839871604527 ], [ -74.130108970985631, 4.09097603093392 ], [ -74.130109553093916, 4.090022917223854 ], [ -74.130527072071672, 4.08821217716775 ], [ -74.130477034113724, 4.086350578751055 ], [ -74.130979490598222, 4.085499734492597 ], [ -74.13098457057113, 4.08463758049304 ], [ -74.131579301103301, 4.083714420851155 ], [ -74.131910149724135, 4.082856228994364 ], [ -74.131915792940745, 4.08197656091447 ], [ -74.132584240123435, 4.080191812901464 ], [ -74.132589882441749, 4.079295195108949 ], [ -74.131509663702502, 4.076722273739718 ], [ -74.129688455228063, 4.074526174058746 ], [ -74.128743824604527, 4.072936874909845 ], [ -74.127864427840294, 4.072931205623383 ], [ -74.127861641266279, 4.071836280804281 ], [ -74.127582596691269, 4.070890503626946 ], [ -74.127525791724281, 4.069987669423371 ], [ -74.126930545559134, 4.069231153021592 ], [ -74.126051153286468, 4.069225481020902 ], [ -74.125706289150571, 4.068092128456395 ], [ -74.125640580082489, 4.063483614472996 ], [ -74.125252390200458, 4.062593201192543 ], [ -74.125252413556652, 4.061697148925835 ], [ -74.124881103917119, 4.060801085807389 ], [ -74.124946442879292, 4.058004454306577 ], [ -74.124729858165992, 4.057093705974773 ], [ -74.125272836754647, 4.055273365740523 ], [ -74.126378405951215, 4.054560957878936 ], [ -74.126110084565738, 4.052594267734674 ], [ -74.126150055104304, 4.051653582771048 ], [ -74.127637372364035, 4.04721417280575 ], [ -74.128116834672198, 4.045306080802769 ], [ -74.129939162447457, 4.040997218497917 ], [ -74.130839866351934, 4.039360570628279 ], [ -74.131990784300683, 4.037861885262022 ], [ -74.131995512134012, 4.036934616426811 ], [ -74.132568330959757, 4.036208066517895 ], [ -74.132799930114743, 4.035305308288334 ], [ -74.133790779957948, 4.033604566852198 ], [ -74.135015736154116, 4.032161493070351 ], [ -74.136790624797541, 4.031550810815858 ], [ -74.137449161766028, 4.030930862500266 ], [ -74.137919086660816, 4.030080931216596 ], [ -74.137669230146003, 4.029209204223076 ], [ -74.137911449184287, 4.027407565652457 ], [ -74.138370260122372, 4.026591954820628 ], [ -74.139709614973327, 4.02529477956007 ], [ -74.14152422891523, 4.023113416495185 ], [ -74.143127296794262, 4.020651325911744 ], [ -74.143969084690823, 4.020312625265426 ], [ -74.144971917161612, 4.020301080747702 ], [ -74.145767641247033, 4.019849418725541 ], [ -74.146369057939864, 4.019173565097137 ], [ -74.146810555647477, 4.01831275176484 ], [ -74.146587978272905, 4.016490594189601 ], [ -74.147621251055412, 4.012786850061949 ], [ -74.147749310390736, 4.01166971268225 ], [ -74.148441789303916, 4.011043506010962 ], [ -74.14895740071745, 4.010249640089635 ], [ -74.149397410814956, 4.008387685852546 ], [ -74.149469135002192, 4.006514997235752 ], [ -74.149700847344889, 4.005640729646418 ], [ -74.150263080423343, 4.004775112282889 ], [ -74.151526932772981, 4.005068964012682 ], [ -74.152647899991848, 4.006545735940051 ], [ -74.153097423248227, 4.008403765791083 ], [ -74.153189701787483, 4.010233832606624 ], [ -74.153027339384721, 4.012096705634909 ], [ -74.154052608178034, 4.013654727001633 ], [ -74.155449891788393, 4.014939048153598 ], [ -74.156453350384965, 4.015018485671791 ], [ -74.157316723899484, 4.015316500631421 ], [ -74.157945152034586, 4.016050893118531 ], [ -74.158331105111571, 4.016937300799769 ], [ -74.158897580034775, 4.017718267022652 ], [ -74.160700620082565, 4.017095669138229 ], [ -74.162677580257579, 4.01702755325546 ], [ -74.165430833060086, 4.016178155883465 ], [ -74.169221012093359, 4.015327980699761 ], [ -74.173741274415917, 4.016290286032912 ], [ -74.174647840725925, 4.016291759236404 ], [ -74.17552381041736, 4.015975213088082 ], [ -74.176908223864658, 4.014654465759802 ], [ -74.178699181571872, 4.012342644921852 ], [ -74.1791630311604, 4.011441602287069 ], [ -74.181250555082258, 4.009403399856186 ], [ -74.182885516747135, 4.008260358249543 ], [ -74.184664900560236, 4.009094355122635 ], [ -74.186214206964451, 4.010239475447975 ], [ -74.187835621136514, 4.011167198538785 ], [ -74.190550431434758, 4.012076091433178 ], [ -74.191324764836637, 4.012603146870922 ], [ -74.193430202063567, 4.014660182947813 ], [ -74.193962640718979, 4.01543031020968 ], [ -74.194849066800316, 4.01578478172647 ], [ -74.197775977421955, 4.015449946670585 ], [ -74.198691022929935, 4.015053066578236 ], [ -74.200235206242098, 4.013894488024579 ], [ -74.201155997374627, 4.01350888206025 ], [ -74.203824691759422, 4.014304757480164 ], [ -74.204798547274095, 4.014208336788196 ], [ -74.205697000000455, 4.013868617276209 ], [ -74.208798296974962, 4.011778737519299 ], [ -74.20973681096973, 4.011495206958691 ], [ -74.210606322672575, 4.011861328770233 ], [ -74.212515460043647, 4.013205718274118 ], [ -74.213803317174296, 4.012963531271511 ], [ -74.214631748919203, 4.012413607251776 ], [ -74.215079578851274, 4.011591546424549 ], [ -74.215706424154845, 4.010934083200728 ], [ -74.217526963384373, 4.010278068467081 ], [ -74.217658429131248, 4.009348876527647 ], [ -74.217543052211113, 4.008409165797131 ], [ -74.217801037580927, 4.007519407234622 ], [ -74.218939171604859, 4.006090930785144 ], [ -74.219663911714832, 4.005484395074649 ], [ -74.220593677915375, 4.003794563563963 ], [ -74.221335709696262, 4.003199361218238 ], [ -74.223760268936303, 4.000210821420515 ], [ -74.227830651371306, 3.996196512107144 ], [ -74.229042199313554, 3.994596828550357 ], [ -74.229467050340645, 3.993774842135529 ], [ -74.229976826298071, 3.991932664013863 ], [ -74.230478971965496, 3.988113409284637 ], [ -74.231895971799716, 3.985498796552493 ], [ -74.233014907029414, 3.982936526545977 ], [ -74.233249452658498, 3.981978473694779 ], [ -74.233265933150719, 3.98102120116927 ], [ -74.232908521346943, 3.979085259890458 ], [ -74.23320095171799, 3.97820107048035 ], [ -74.235304430617632, 3.976119581054754 ], [ -74.235959193763605, 3.975353745309755 ], [ -74.236366851036166, 3.974537513590186 ], [ -74.237677909853971, 3.973233742655802 ], [ -74.237959049300258, 3.972378079717336 ], [ -74.238854234853918, 3.970676956637022 ], [ -74.240814631891709, 3.96441955030895 ], [ -74.242190667650675, 3.961687815645291 ], [ -74.244206200585651, 3.95541090863387 ], [ -74.244896307048165, 3.95478603298396 ], [ -74.245811852019443, 3.953192399844211 ], [ -74.24642788969183, 3.952447154972791 ], [ -74.248851626973391, 3.951180087223427 ], [ -74.249536397443109, 3.95060679702977 ], [ -74.251178275237351, 3.949718130308559 ], [ -74.252936477674368, 3.94940839283452 ], [ -74.258624231862683, 3.949631273271724 ], [ -74.259514128135962, 3.949396145611019 ], [ -74.260056884840722, 3.948662364884693 ], [ -74.259516518552928, 3.947928717937239 ], [ -74.253948652624118, 3.947006507744252 ], [ -74.253228536142913, 3.946398983976341 ], [ -74.253008583645595, 3.945476134896195 ], [ -74.253619144289701, 3.944759545846665 ], [ -74.255352965551594, 3.944151735447801 ], [ -74.257011678672569, 3.943251591500142 ], [ -74.257702008815585, 3.942666830883469 ], [ -74.257843142231565, 3.940821062468845 ], [ -74.256805300617515, 3.937118221292645 ], [ -74.256449319829983, 3.933294924316812 ], [ -74.2560661057163, 3.931495075300348 ], [ -74.256110543576781, 3.92951747928498 ], [ -74.256477722762639, 3.9286690780083 ], [ -74.257372787043749, 3.928359435762397 ], [ -74.258248445918085, 3.928571418614345 ], [ -74.261121344434969, 3.928829012829234 ], [ -74.261991988015069, 3.929144172827915 ], [ -74.26484256699041, 3.929441881832732 ], [ -74.26935077931175, 3.92773884246607 ], [ -74.27105502623786, 3.92691318330309 ], [ -74.272690567316104, 3.925921297498004 ], [ -74.273324215561303, 3.9252964068641 ], [ -74.273713764594376, 3.924419335158931 ], [ -74.274323488008633, 3.921713677856441 ], [ -74.274713312824488, 3.920882461595741 ], [ -74.275119289349163, 3.917139315089226 ], [ -74.275073915444153, 3.91524198181407 ], [ -74.275581079100746, 3.912370105741073 ], [ -74.27607208565864, 3.910552946805328 ], [ -74.278156384628616, 3.907296791044049 ], [ -74.279433640740606, 3.905834908694866 ], [ -74.280867601665719, 3.902315162525429 ], [ -74.281805097869253, 3.900641238613207 ], [ -74.283858272011301, 3.898766521286893 ], [ -74.285497035346438, 3.896461952106729 ], [ -74.285988303314085, 3.895619250598469 ], [ -74.28656392757847, 3.893807803909768 ], [ -74.288034823634788, 3.892655416523758 ], [ -74.288839130224432, 3.892271239244955 ], [ -74.289562506691809, 3.891566072056106 ], [ -74.291381641854542, 3.889244266267097 ], [ -74.292397098350023, 3.887409817992061 ], [ -74.293013641773925, 3.886761986964027 ], [ -74.296215388363493, 3.884543126632514 ], [ -74.296763153175974, 3.883717607805613 ], [ -74.297316009639488, 3.881877497525002 ], [ -74.29786958834849, 3.881080637435706 ], [ -74.298766580414181, 3.881097685104955 ], [ -74.300787513122344, 3.883195307616671 ], [ -74.30164712269584, 3.883556285949776 ], [ -74.303490339894694, 3.883338147913403 ], [ -74.304232543253789, 3.883871108037679 ], [ -74.306755915378474, 3.885108808116249 ], [ -74.307741100445512, 3.886633381477943 ], [ -74.308051768413478, 3.887624986601506 ], [ -74.308682808849426, 3.888427373045166 ], [ -74.309670412181205, 3.888501713175312 ], [ -74.311501326952268, 3.886271578119138 ], [ -74.313545488297038, 3.882940830006017 ], [ -74.314156267231766, 3.882275787472034 ], [ -74.315689468639562, 3.881174931539864 ], [ -74.316282162690968, 3.880320731917709 ], [ -74.316456982930106, 3.879392092813732 ], [ -74.315610098890943, 3.876503253639841 ], [ -74.315041003582053, 3.875683662892063 ], [ -74.314270282305941, 3.875099128510183 ], [ -74.313598814088948, 3.874141986107806 ], [ -74.314081437568589, 3.873082353088834 ], [ -74.313496340569529, 3.871321602793483 ], [ -74.313845905589289, 3.870497557960733 ], [ -74.314622064367839, 3.869559171920232 ], [ -74.313303184817144, 3.863983269014323 ], [ -74.312912137394179, 3.863050116278086 ], [ -74.312358607194199, 3.862322784928931 ], [ -74.310844729446487, 3.860903925712119 ], [ -74.309225216109539, 3.859662165056552 ], [ -74.306197059965484, 3.854715656950162 ], [ -74.305766937624284, 3.852944842698736 ], [ -74.305309228919043, 3.852125937253364 ], [ -74.305056920901819, 3.851243527316678 ], [ -74.308236324593651, 3.842584967438414 ], [ -74.308121422882294, 3.841684915671419 ], [ -74.307426961387293, 3.841089224089759 ], [ -74.306522680391367, 3.840625444741633 ], [ -74.304448852184322, 3.840228978938138 ], [ -74.301334146955881, 3.840024697296898 ], [ -74.299709462017873, 3.839107800466691 ], [ -74.29910905862468, 3.838329349686074 ], [ -74.297722855733355, 3.835787179273462 ], [ -74.297536686178915, 3.834762018716235 ], [ -74.295730528078778, 3.832466573858808 ], [ -74.295010973044612, 3.830565805174908 ], [ -74.294807481276564, 3.829535014016895 ], [ -74.295060544776931, 3.828667706859204 ], [ -74.295047977346115, 3.826821147674464 ], [ -74.295880014928585, 3.824127750846278 ], [ -74.29607879593128, 3.822229064622779 ], [ -74.296685804636738, 3.820368667636894 ], [ -74.298095627830165, 3.819069347265552 ], [ -74.298964790986687, 3.818604269764821 ], [ -74.301753473343993, 3.819168914120105 ], [ -74.303619876958663, 3.81863150357957 ], [ -74.305486759375384, 3.818715323920983 ], [ -74.306344007277971, 3.819122294705273 ], [ -74.307302066816703, 3.819101410439914 ], [ -74.310015906036114, 3.817865311996424 ], [ -74.312914994935099, 3.817010330017875 ], [ -74.313847650117594, 3.817160523196678 ], [ -74.317361755304475, 3.815459580281063 ], [ -74.318312204316129, 3.815341824783162 ], [ -74.318601054002471, 3.817227182693839 ], [ -74.318476269026363, 3.819091381510792 ], [ -74.31876334184507, 3.819990749847558 ], [ -74.319040826944757, 3.821881852802428 ], [ -74.318874750906616, 3.822794414682531 ], [ -74.319006876915225, 3.823694396698225 ], [ -74.319403870287047, 3.824638922814503 ], [ -74.319952848723489, 3.825428962842746 ], [ -74.320625011338194, 3.826058930490233 ], [ -74.321552706023695, 3.826249027730263 ], [ -74.323333139069021, 3.825717616171339 ], [ -74.324238647163639, 3.825947697126073 ], [ -74.325101431383317, 3.826343227526205 ], [ -74.327350261289169, 3.828078309064781 ], [ -74.328284273826043, 3.828000502093659 ], [ -74.329003331193533, 3.826299222149774 ], [ -74.32942541630787, 3.824376844859736 ], [ -74.329828203813278, 3.823537431204854 ], [ -74.330595725290365, 3.822861849055763 ], [ -74.332602133138678, 3.822739875611146 ], [ -74.333420396852901, 3.822314861888172 ], [ -74.333873693033468, 3.820523445795709 ], [ -74.334615028620007, 3.818787874813659 ], [ -74.335567260787485, 3.81846491604942 ], [ -74.336349107698382, 3.817937456030907 ], [ -74.336665253592955, 3.817069887066953 ], [ -74.336969332418306, 3.815279064150895 ], [ -74.337314500184746, 3.814428476969952 ], [ -74.338151400347854, 3.814077477707885 ], [ -74.339799606773269, 3.811751248655323 ], [ -74.34046095277364, 3.812415440054791 ], [ -74.341308931859146, 3.812936401508665 ], [ -74.342954693968665, 3.8137562461854 ], [ -74.343903576318453, 3.813855044608266 ], [ -74.345641836156162, 3.812924798557574 ], [ -74.349672532818559, 3.809262564147002 ], [ -74.352402439305138, 3.808575753183544 ], [ -74.354413449222662, 3.808780593564055 ], [ -74.355211241229867, 3.808285026255918 ], [ -74.35459383362668, 3.807514212924192 ], [ -74.353760536606174, 3.806961325285453 ], [ -74.353558628567981, 3.806072082647748 ], [ -74.353276894437002, 3.802423148524753 ], [ -74.353441446034111, 3.801485708654846 ], [ -74.353921977337464, 3.800679862082 ], [ -74.356600490308324, 3.799711657907956 ], [ -74.358194919089271, 3.798691714911373 ], [ -74.358817541412705, 3.797986591315501 ], [ -74.359441379156692, 3.797166142731971 ], [ -74.360739713338518, 3.794619065786291 ], [ -74.361366040314181, 3.793861975856344 ], [ -74.362786203116528, 3.79265551478851 ], [ -74.363320062906723, 3.791888875231696 ], [ -74.364105400670809, 3.790200225182193 ], [ -74.364651868316017, 3.78829185884575 ], [ -74.365533318629005, 3.78787519826957 ], [ -74.366431465928159, 3.788028905745545 ], [ -74.367388398979514, 3.788360066783255 ], [ -74.368889793738063, 3.789509711455112 ], [ -74.369817539627519, 3.789391829612427 ], [ -74.370684909746714, 3.789056174662383 ], [ -74.37243048815904, 3.787929199944005 ], [ -74.373094705175077, 3.787257764185807 ], [ -74.374331661965115, 3.785784259916797 ], [ -74.375141944147998, 3.783614371641985 ], [ -74.375884342441537, 3.78237948082403 ], [ -74.376116323380501, 3.781485380610264 ], [ -74.375855449927059, 3.780580882589684 ], [ -74.375379856662803, 3.779807907615899 ], [ -74.375176489760577, 3.778913406765528 ], [ -74.375599221661929, 3.777074681881338 ], [ -74.375975481018685, 3.776228489595367 ], [ -74.376590697630917, 3.775565327191997 ], [ -74.377529446085958, 3.775535742644271 ], [ -74.378965901632611, 3.776754189541965 ], [ -74.37982867237757, 3.777167771972954 ], [ -74.380780414064901, 3.777206617697152 ], [ -74.382162514350327, 3.776002498935424 ], [ -74.38372213880389, 3.775051731950362 ], [ -74.384636830375641, 3.774971178210041 ], [ -74.386111932344122, 3.773827722496636 ], [ -74.387821353566267, 3.77317111788166 ], [ -74.389403867093279, 3.772219759779129 ], [ -74.392070683100826, 3.771343973590788 ], [ -74.392808675157866, 3.770792285484676 ], [ -74.391294459643603, 3.768406847480227 ], [ -74.390644221311732, 3.76776438892559 ], [ -74.38908093712169, 3.765489069588962 ], [ -74.388213048674558, 3.763826408831073 ], [ -74.386957353925993, 3.762494505260066 ], [ -74.386441174777218, 3.76169964611893 ], [ -74.385649024190016, 3.759072357135869 ], [ -74.385619086934867, 3.757227943093238 ], [ -74.38597843101482, 3.755373631734783 ], [ -74.385825554821437, 3.754432008678936 ], [ -74.386248750253486, 3.753636192915826 ], [ -74.388300673940634, 3.751652899520112 ], [ -74.389174950307734, 3.751304044094789 ], [ -74.390186224247259, 3.751444513866474 ], [ -74.391432515431418, 3.752868337489418 ], [ -74.393652971150701, 3.75456536780404 ], [ -74.394551880221215, 3.754548239636541 ], [ -74.39626788339946, 3.753931566220845 ], [ -74.397110962175063, 3.75346888652578 ], [ -74.397800438918566, 3.752798091964194 ], [ -74.397957327886317, 3.751877244451737 ], [ -74.397830560328359, 3.750058216266048 ], [ -74.396970729769322, 3.746458497239717 ], [ -74.397081434551666, 3.745521632512623 ], [ -74.397481072563693, 3.744697759469399 ], [ -74.398902401379289, 3.743458234671343 ], [ -74.399412219557519, 3.74269459145385 ], [ -74.399816550368584, 3.741824753723172 ], [ -74.400269516867468, 3.739039740249099 ], [ -74.40075045241268, 3.738265368604585 ], [ -74.403532993886728, 3.738211780679211 ], [ -74.40442738173644, 3.73799419561505 ], [ -74.405331418390588, 3.738206140505279 ], [ -74.406884073714167, 3.739243947136514 ], [ -74.407354201628237, 3.740028503734195 ], [ -74.408061418301955, 3.740658040451717 ], [ -74.408969123675746, 3.74077820216677 ], [ -74.409870009938217, 3.740594829802007 ], [ -74.410788649605635, 3.740691790863578 ], [ -74.411534397716849, 3.741251579051112 ], [ -74.412434002083401, 3.741520933132502 ], [ -74.414293925251599, 3.741702811900391 ], [ -74.41602546928425, 3.742289079093087 ], [ -74.418758626773851, 3.742586249029354 ], [ -74.423348293833598, 3.74265850330943 ], [ -74.424209420661569, 3.742235451972171 ], [ -74.426012752661819, 3.740155257675946 ], [ -74.427403733692159, 3.73884196769739 ], [ -74.430577801391195, 3.736841464755536 ], [ -74.431237069588335, 3.736102648913499 ], [ -74.434648659035005, 3.734222149052876 ], [ -74.435425635280438, 3.733623592082925 ], [ -74.437293215688129, 3.731030341592763 ], [ -74.438547903425246, 3.732122920203535 ], [ -74.440270440050526, 3.732818244710865 ], [ -74.441303110961812, 3.734419349841408 ], [ -74.442759640261798, 3.735511111194445 ], [ -74.444552223021361, 3.73600981081322 ], [ -74.446284615063632, 3.738160379976459 ], [ -74.446692450202619, 3.738975155296546 ], [ -74.4474392188, 3.741614999614343 ], [ -74.448932821571759, 3.744098276501209 ], [ -74.44917152909558, 3.746814103557682 ], [ -74.449779527744496, 3.748632313810931 ], [ -74.449637213942225, 3.750452460971339 ], [ -74.449220578906704, 3.751282520860176 ], [ -74.447627240680532, 3.753529317441592 ], [ -74.446811526385105, 3.753934042044191 ], [ -74.446529004431611, 3.754869558553004 ], [ -74.44590266487954, 3.75554451165178 ], [ -74.44557215312696, 3.756383836222277 ], [ -74.444798312001865, 3.75686771746045 ], [ -74.443511280422939, 3.758218497604522 ], [ -74.442598861588863, 3.758144335313708 ], [ -74.439916884714279, 3.758596613589924 ], [ -74.43923721308208, 3.759192696492645 ], [ -74.438490299855957, 3.760873528560023 ], [ -74.437887236551219, 3.761565075282354 ], [ -74.437545135633158, 3.762398961104148 ], [ -74.436764787112139, 3.762848618850692 ], [ -74.434702721445433, 3.764631717786153 ], [ -74.433807413720885, 3.764809246107342 ], [ -74.432992198888755, 3.765236866991998 ], [ -74.432782920173651, 3.766118941127948 ], [ -74.432803920988349, 3.767052452816255 ], [ -74.43333632371116, 3.768821028179567 ], [ -74.433156957996701, 3.769759642701203 ], [ -74.433320820585976, 3.770678053807992 ], [ -74.433229867960094, 3.772491158778265 ], [ -74.431713358148599, 3.775864851296879 ], [ -74.432421944753131, 3.777571634040596 ], [ -74.43243123962138, 3.778493981778879 ], [ -74.431991162150211, 3.77930171076608 ], [ -74.432747503195245, 3.779821094882259 ], [ -74.430101690697356, 3.785613102695196 ], [ -74.429238509422305, 3.785908373710357 ], [ -74.428393617846453, 3.785499930669138 ], [ -74.427446747722897, 3.785716287517736 ], [ -74.426823283678061, 3.786398417979847 ], [ -74.426141369850953, 3.785744342536301 ], [ -74.425248132743135, 3.785423408809737 ], [ -74.423775638583905, 3.786613798474213 ], [ -74.422875184411097, 3.788299208039531 ], [ -74.421237677819036, 3.790559648204395 ], [ -74.420531545411848, 3.793232443565332 ], [ -74.41971519331257, 3.793693879464943 ], [ -74.417956646820798, 3.794198616714209 ], [ -74.417173888119876, 3.794636271145616 ], [ -74.416159834792879, 3.796214578832148 ], [ -74.41589070492364, 3.797125451436342 ], [ -74.415145626057324, 3.79764300169257 ], [ -74.413386257607058, 3.799733100167746 ], [ -74.413650799780143, 3.800603684864794 ], [ -74.414286939053639, 3.801264515524011 ], [ -74.413522363152396, 3.80391550304506 ], [ -74.413046732158904, 3.804698215761438 ], [ -74.412451997135179, 3.805379719034636 ], [ -74.410963182383867, 3.806449376433636 ], [ -74.410333940375111, 3.807131618692154 ], [ -74.409309040789353, 3.808727448294397 ], [ -74.407139666870393, 3.810491972212763 ], [ -74.406593200123496, 3.811230083016825 ], [ -74.406382930566636, 3.813050546035761 ], [ -74.405604916767032, 3.813609151010946 ], [ -74.404701443356558, 3.813905263057246 ], [ -74.403867211189862, 3.815520052584622 ], [ -74.403443474972036, 3.817327802044395 ], [ -74.402892159119233, 3.818089075991332 ], [ -74.401639622847227, 3.819459186517228 ], [ -74.399410654692304, 3.821173087648165 ], [ -74.398180582590612, 3.822675304063807 ], [ -74.396701481322467, 3.823992621465893 ], [ -74.396166725013629, 3.824736240169383 ], [ -74.39624814112446, 3.825633819818453 ], [ -74.396032782611513, 3.826595416759237 ], [ -74.395639450772762, 3.827422476243089 ], [ -74.394971497663477, 3.831212827572157 ], [ -74.394661171953629, 3.832101518031235 ], [ -74.394560292943851, 3.834069517813322 ], [ -74.39314123237439, 3.837495500512027 ], [ -74.393040653401911, 3.839325136925794 ], [ -74.392592295260457, 3.841093055761053 ], [ -74.391113457198699, 3.842272000601716 ], [ -74.391135014070571, 3.843257338714377 ], [ -74.391382524185858, 3.844134060077425 ], [ -74.391225339672388, 3.845987969983153 ], [ -74.390971607825435, 3.846852385147025 ], [ -74.39020369468291, 3.847376170466878 ], [ -74.389860661313577, 3.849187948639507 ], [ -74.390426739181422, 3.850991753173749 ], [ -74.389534935784795, 3.852607766009321 ], [ -74.388166629130552, 3.853963046846386 ], [ -74.387456960056099, 3.855673154693735 ], [ -74.386904699175631, 3.856411379762243 ], [ -74.386791480907092, 3.857336194528412 ], [ -74.387569685149529, 3.857803755142883 ], [ -74.387438307437549, 3.858705899709506 ], [ -74.386576293074057, 3.861370485014735 ], [ -74.385998448174277, 3.862189966819461 ], [ -74.386398971925175, 3.863005758767896 ], [ -74.387281686167768, 3.8633500140714 ], [ -74.387351823031878, 3.86425360201773 ], [ -74.386647807953821, 3.866983975848064 ], [ -74.386095311714755, 3.867716440615425 ], [ -74.386040511787471, 3.868663062714162 ], [ -74.384479364689497, 3.869653520188629 ], [ -74.38357447104255, 3.86947691966702 ], [ -74.383139263338521, 3.87026451612253 ], [ -74.383427714172882, 3.871157656098651 ], [ -74.382988341879226, 3.871985696733743 ], [ -74.382817154427102, 3.872900224230807 ], [ -74.381215174407885, 3.873734509217743 ], [ -74.379579444683444, 3.873682174629862 ], [ -74.378117022435205, 3.874773693206115 ], [ -74.377216839553611, 3.876477782825999 ], [ -74.376312763373562, 3.876722343476471 ], [ -74.375395383144166, 3.87667620671024 ], [ -74.374597194081616, 3.878299900835736 ], [ -74.373883588589592, 3.878925376734701 ], [ -74.373353711031058, 3.879772169311117 ], [ -74.373200100015779, 3.880668151132604 ], [ -74.37222071177726, 3.88332481346462 ], [ -74.371749307357192, 3.886138250218123 ], [ -74.370350705019987, 3.887411839928545 ], [ -74.370391988895506, 3.888494868534799 ], [ -74.370175793152697, 3.889402607015926 ], [ -74.369406475943393, 3.891088848867352 ], [ -74.368991693233994, 3.892984043622012 ], [ -74.368541434257395, 3.893813280842373 ], [ -74.368017861973811, 3.895623566888892 ], [ -74.366575417359172, 3.898031972822187 ], [ -74.365164835089345, 3.899220101004639 ], [ -74.36501184930151, 3.900213002494462 ], [ -74.363974235859544, 3.901815231303636 ], [ -74.363211211348798, 3.904464966275287 ], [ -74.363040706616289, 3.906261858547685 ], [ -74.363541202976847, 3.907011624032466 ], [ -74.363547219892624, 3.907929511110404 ], [ -74.361924106108034, 3.908850868265537 ], [ -74.36138216956509, 3.909600798133734 ], [ -74.359821969291445, 3.914039545761738 ], [ -74.359788593285359, 3.915031773679635 ], [ -74.360751943002811, 3.91774021025935 ], [ -74.359730865748574, 3.919262519707782 ], [ -74.359611414070301, 3.920158308866919 ], [ -74.358927791647517, 3.921889671433463 ], [ -74.358479262826165, 3.924725778505545 ], [ -74.358194504965937, 3.925605391533722 ], [ -74.358144059172815, 3.9274700265239 ], [ -74.357374759929826, 3.929167660537864 ], [ -74.357392090228274, 3.930074083273917 ], [ -74.357028047061078, 3.931894868818803 ], [ -74.356938000835299, 3.934671945176851 ], [ -74.355786646305319, 3.93718132329513 ], [ -74.354883041740806, 3.940989221094705 ], [ -74.354753301657581, 3.943795026682083 ], [ -74.356739314155718, 3.946953825530407 ], [ -74.356272466889081, 3.948735280108127 ], [ -74.35674016665692, 3.950562790970501 ], [ -74.355862129942011, 3.95218691896696 ], [ -74.355970527850715, 3.953081426124133 ], [ -74.356773424983672, 3.954770218162346 ], [ -74.356387202412094, 3.957554660783753 ], [ -74.356763335106407, 3.958447660161935 ], [ -74.356928700577157, 3.959341846900143 ], [ -74.357003649716262, 3.961217175473462 ], [ -74.356098207198698, 3.961267878935396 ], [ -74.356138286433406, 3.962168472021594 ], [ -74.35562878985202, 3.963942487971626 ], [ -74.355819500390211, 3.964844661669428 ], [ -74.356264603935387, 3.965655098515364 ], [ -74.356748807551639, 3.970331367190295 ], [ -74.35720310176049, 3.971244237626421 ], [ -74.357793975825132, 3.97196558117177 ], [ -74.359234433366382, 3.973105406803592 ], [ -74.359499860380012, 3.974017169211094 ], [ -74.360032083439762, 3.974865406705897 ], [ -74.360792562124999, 3.975525590868614 ], [ -74.36140329165238, 3.976326293073549 ], [ -74.36298486643993, 3.979778184168731 ], [ -74.363592712375223, 3.980493405826679 ], [ -74.365343934004173, 3.981346202525545 ], [ -74.36611810570929, 3.981903389144044 ], [ -74.367029183358639, 3.982109347844402 ], [ -74.36798452639195, 3.981932112440165 ], [ -74.369717961378257, 3.982597126543435 ], [ -74.371892672188324, 3.984466179443226 ], [ -74.372771374554858, 3.984729953111172 ], [ -74.37352769583697, 3.985435849683014 ], [ -74.374361107841807, 3.98588322562083 ], [ -74.374511627754174, 3.986780667879005 ], [ -74.373792240704987, 3.988520550684091 ], [ -74.372146413916752, 3.989262105843733 ], [ -74.371539642366514, 3.989932744454129 ], [ -74.371120262977826, 3.990729995057706 ], [ -74.370510271865598, 3.992490022684101 ], [ -74.370669907881478, 3.994333977483095 ], [ -74.37042533166391, 3.99522392690688 ], [ -74.369865834853812, 3.995939040133539 ], [ -74.369615154583883, 3.99681773062451 ], [ -74.369137438600617, 3.997582179778405 ], [ -74.368471748347531, 3.998202920505357 ], [ -74.368180077951195, 3.999054094750448 ], [ -74.367626681600186, 3.99978046178728 ], [ -74.367271344904722, 4.000610372003849 ], [ -74.366840321553312, 4.002417372085818 ], [ -74.36604478970736, 4.002921502835675 ], [ -74.364098444117246, 4.004930765041574 ], [ -74.362895165167231, 4.009454170244468 ], [ -74.362527011309268, 4.012274810022155 ], [ -74.362777912564752, 4.015126011765045 ], [ -74.363293196991506, 4.01699553261441 ], [ -74.36299008026181, 4.0178469830138 ], [ -74.363112776654901, 4.01876791662224 ], [ -74.362990763879736, 4.019729024285239 ], [ -74.363345194175096, 4.020564475469715 ], [ -74.364053101653283, 4.0211917152117 ], [ -74.363597841755507, 4.022959380185941 ], [ -74.363557613400445, 4.023969824902601 ], [ -74.363725477086021, 4.02487255091063 ], [ -74.364969874621536, 4.028503730748657 ], [ -74.365105361227634, 4.029464275824457 ], [ -74.365201013839084, 4.030431492975101 ], [ -74.364769781180215, 4.032232793293037 ], [ -74.364817379313848, 4.033132741212222 ], [ -74.366127472442756, 4.03447533390112 ], [ -74.366476387082258, 4.03531662050634 ], [ -74.366598898422382, 4.036231855841952 ], [ -74.365258382049774, 4.038728259619877 ], [ -74.364280592812463, 4.041289979176335 ], [ -74.364287835928593, 4.04336577025392 ], [ -74.363915325241521, 4.044196094874274 ], [ -74.363351038614354, 4.044939835149638 ], [ -74.36306069772462, 4.045830896024935 ], [ -74.361809345432164, 4.047241516536713 ], [ -74.361639850406036, 4.048152450698547 ], [ -74.361074595394967, 4.048867697588023 ], [ -74.357776055333545, 4.050493507983059 ], [ -74.355273787329835, 4.051974469917999 ], [ -74.354076506430957, 4.053634408883673 ], [ -74.353956209437996, 4.054088813790155 ], [ -74.351485292637705, 4.056838859018973 ], [ -74.351119444755113, 4.057683974574315 ], [ -74.350649734557649, 4.059438302797112 ], [ -74.350481886143456, 4.061262599602622 ], [ -74.350583113699557, 4.062183931058561 ], [ -74.351104708791183, 4.06396996721268 ], [ -74.351131839709382, 4.064914103772232 ], [ -74.350908373002682, 4.065794180293641 ], [ -74.35162380926127, 4.067494442780712 ], [ -74.350993161389098, 4.070226889600521 ], [ -74.35039392580579, 4.07092165117924 ], [ -74.350062255226462, 4.071766868461328 ], [ -74.350169125100876, 4.072728510909185 ], [ -74.350868988165686, 4.073375296920503 ], [ -74.351010143141224, 4.074267963484833 ], [ -74.350929037847479, 4.075200265566608 ], [ -74.349855788238202, 4.076670746824436 ], [ -74.350099513751189, 4.077552202044911 ], [ -74.349819068702629, 4.078432109732898 ], [ -74.348941360771136, 4.078630993046473 ], [ -74.348717880589703, 4.079516825060453 ], [ -74.347753999069624, 4.081067658648694 ], [ -74.347883701423612, 4.082914808207629 ], [ -74.346532736745928, 4.084139525499772 ], [ -74.346848294243983, 4.086102172774925 ], [ -74.346370948366626, 4.08686960756136 ], [ -74.345633351568296, 4.087528854031119 ], [ -74.345174719394919, 4.088369881031476 ], [ -74.344932215590731, 4.091357866223175 ], [ -74.345041316880298, 4.094156059964454 ], [ -74.343136229114535, 4.097436314928791 ], [ -74.342031914864421, 4.098945969615883 ], [ -74.341988508269878, 4.099903202438853 ], [ -74.342654750986895, 4.100514873182383 ], [ -74.343027518592123, 4.101354912569763 ], [ -74.342196215831578, 4.101919424978902 ], [ -74.340308099038182, 4.102677655983637 ], [ -74.339580427725423, 4.103262681667779 ], [ -74.339498519337809, 4.105137197050458 ], [ -74.33794947973324, 4.106212513805051 ], [ -74.336768530206228, 4.107621366273081 ], [ -74.33655176942311, 4.108514058293989 ], [ -74.335401341954508, 4.110013320781289 ], [ -74.335090513188106, 4.111909882583952 ], [ -74.335110710010625, 4.113730950906689 ], [ -74.334488296096353, 4.114416145782892 ], [ -74.333585864731603, 4.114589431289643 ], [ -74.333005323089338, 4.115359098430323 ], [ -74.332023548925434, 4.116974230953346 ], [ -74.330845465922479, 4.119640991114689 ], [ -74.330600269867375, 4.120545683142779 ], [ -74.330809135357455, 4.122339885124783 ], [ -74.330748050816453, 4.123274733110709 ], [ -74.330027254310593, 4.123916522522027 ], [ -74.329596657658911, 4.124728471296657 ], [ -74.329570311868252, 4.125679642259596 ], [ -74.329751007987667, 4.126660471023172 ], [ -74.330560409821587, 4.128379021991656 ], [ -74.330796204108935, 4.12925050161468 ], [ -74.330573698599579, 4.130143317205551 ], [ -74.330049874787747, 4.130883289001758 ], [ -74.329151178617934, 4.130680803417325 ], [ -74.328322556430194, 4.130260490189443 ], [ -74.327157319335825, 4.12880580969972 ], [ -74.326101650654948, 4.128498574970219 ], [ -74.32276718067709, 4.126681125299523 ], [ -74.31917500380716, 4.125717392000841 ], [ -74.318535546157023, 4.125014046970974 ], [ -74.317074672604306, 4.12256393575411 ], [ -74.315019224826301, 4.120479635000449 ], [ -74.313881631588146, 4.11897310508695 ], [ -74.311912410399316, 4.116898308624178 ], [ -74.310463209555436, 4.115574988476353 ], [ -74.308721441796536, 4.114804460488645 ], [ -74.307454790296475, 4.112315966240526 ], [ -74.306290315871763, 4.110895389788588 ], [ -74.304943718802974, 4.109541374167393 ], [ -74.303498625954887, 4.108417178454644 ], [ -74.302529550375837, 4.10813649619382 ], [ -74.300722891914077, 4.107276280462048 ], [ -74.300129083951688, 4.106560546153553 ], [ -74.299943165925555, 4.105602591060341 ], [ -74.299020861131766, 4.1056453459691 ], [ -74.298214504586667, 4.105190364522 ], [ -74.295550952158536, 4.104206400152711 ], [ -74.291667390556526, 4.103567614423747 ], [ -74.290731897596046, 4.103246344669117 ], [ -74.28496084622472, 4.102278412070698 ], [ -74.283048277289268, 4.102405201589668 ], [ -74.280156954325903, 4.102057953234254 ], [ -74.277631595127829, 4.10082047899867 ], [ -74.275175862550796, 4.099342416036444 ], [ -74.273353750371214, 4.099125692782149 ], [ -74.272527542854945, 4.098540193660037 ], [ -74.271227951031733, 4.096957414041785 ], [ -74.270804490596689, 4.096158280544105 ], [ -74.268869938089608, 4.094088318842322 ], [ -74.267155165603342, 4.093231731222501 ], [ -74.266537424725158, 4.09246525769134 ], [ -74.263949302933128, 4.09124048143533 ], [ -74.26106073510276, 4.090745105183528 ], [ -74.260115982308335, 4.0908110688717 ], [ -74.259234358620503, 4.09116027813428 ], [ -74.258494708273446, 4.091722720750012 ], [ -74.256669988284585, 4.093902437969475 ], [ -74.254761920807042, 4.098457606786571 ], [ -74.253844446254533, 4.100139562572395 ], [ -74.251917260831107, 4.102076718455103 ], [ -74.250982677864016, 4.102079837479724 ], [ -74.249168888575539, 4.101709190463604 ], [ -74.248246814648795, 4.101763265825843 ], [ -74.246490463639589, 4.102239511632995 ], [ -74.245809618807641, 4.10287466957124 ], [ -74.245414614305858, 4.103748419829152 ], [ -74.245249334175043, 4.104639975559762 ], [ -74.24522452091027, 4.106513249424235 ], [ -74.24638410939815, 4.112191799104041 ], [ -74.246424320685207, 4.114160437165919 ], [ -74.245113166645964, 4.118748222858423 ], [ -74.244916170595729, 4.120613831487537 ], [ -74.244989958213168, 4.122541897960733 ], [ -74.244593953886479, 4.12729775716356 ], [ -74.24319741138622, 4.130794479305478 ], [ -74.242871835876102, 4.133664692196395 ], [ -74.243238982722616, 4.135637652115656 ], [ -74.243686061663098, 4.136470442719974 ], [ -74.244927883728707, 4.138031745228671 ], [ -74.245022037950278, 4.138991694206706 ], [ -74.245622336240572, 4.140868540884996 ], [ -74.244930079211272, 4.142631002915986 ], [ -74.24395949625918, 4.147123784485945 ], [ -74.243572298117229, 4.147956270021125 ], [ -74.242968280801634, 4.152606159632549 ], [ -74.242785370335071, 4.154528993799981 ], [ -74.243267072143226, 4.156276111727572 ], [ -74.243422457331192, 4.158188138950168 ], [ -74.243319848166166, 4.160116823486871 ], [ -74.242927257437572, 4.162798274270518 ], [ -74.242081711888176, 4.165501739974157 ], [ -74.241804161211462, 4.168291823848983 ], [ -74.24156044557995, 4.169164512854953 ], [ -74.240192783017747, 4.171787145119613 ], [ -74.240052493119833, 4.172722792908 ], [ -74.240173603088124, 4.176420959879239 ], [ -74.241223627654065, 4.180092259425192 ], [ -74.241243795730497, 4.180993956102928 ], [ -74.240415411596302, 4.183691741734375 ], [ -74.240218079576152, 4.186464847788814 ], [ -74.240753824031827, 4.187201975915218 ], [ -74.241648996110754, 4.187374783153451 ], [ -74.24336007023301, 4.188028415482938 ], [ -74.244136093365938, 4.188589062846038 ], [ -74.244671842313181, 4.189326187179494 ], [ -74.244938756038607, 4.190273977854888 ], [ -74.244970436025412, 4.191187108094114 ], [ -74.244867584315273, 4.19304160358671 ], [ -74.244501009695583, 4.194918454767642 ], [ -74.244194171245695, 4.195779617832322 ], [ -74.24327615500907, 4.197381558253964 ], [ -74.242532440683675, 4.197928069586408 ], [ -74.241648481376103, 4.197681098044017 ], [ -74.239206411276214, 4.196215796636721 ], [ -74.238305665150946, 4.196094335802973 ], [ -74.23740077419896, 4.196457937912603 ], [ -74.236936314654329, 4.198220475972096 ], [ -74.236684170130502, 4.200023340909587 ], [ -74.235375384050343, 4.201384888914606 ], [ -74.235022577909021, 4.202223138466344 ], [ -74.235062959876004, 4.204043650514135 ], [ -74.234684755666649, 4.20588052901924 ], [ -74.233686234210907, 4.207425245844653 ], [ -74.233110831830388, 4.212086587873322 ], [ -74.23285581179934, 4.213016321149464 ], [ -74.232029530621205, 4.214624121067342 ], [ -74.231817496773104, 4.216421350551949 ], [ -74.231464756208823, 4.217282427136885 ], [ -74.230178815184658, 4.218626885583113 ], [ -74.229261249003997, 4.220382892670973 ], [ -74.228113815620233, 4.221995814306818 ], [ -74.227202428052095, 4.222136830790115 ], [ -74.226295729689738, 4.221958279725672 ], [ -74.224490253410906, 4.222268875037662 ], [ -74.223930577836086, 4.222986904155213 ], [ -74.223129066803608, 4.223407743757989 ], [ -74.219560531795324, 4.226488582241728 ], [ -74.219546636654499, 4.229262016139915 ], [ -74.218755703284515, 4.232929986791711 ], [ -74.218379891288748, 4.233756773774579 ], [ -74.217728161753513, 4.234389031270006 ], [ -74.216207489148971, 4.236970281153285 ], [ -74.215197307560842, 4.23778125011105 ], [ -74.209093707057832, 4.241349654459741 ], [ -74.208125254011264, 4.24133782110931 ], [ -74.206292067400867, 4.241893709772595 ], [ -74.206221649364068, 4.242839575659636 ], [ -74.207695659879462, 4.244017251990175 ], [ -74.2086860641583, 4.245697850651954 ], [ -74.208865454127292, 4.246589229028996 ], [ -74.208764818560965, 4.24749612873465 ], [ -74.20692117017073, 4.250756800695473 ], [ -74.206352375797451, 4.251560019565303 ], [ -74.205016298898968, 4.252933269928666 ], [ -74.205136320109133, 4.254901630448533 ], [ -74.206361695818543, 4.257431644236552 ], [ -74.206750079736679, 4.259379174965452 ], [ -74.206887192293451, 4.2603577979275 ], [ -74.206418015695263, 4.262203846907108 ], [ -74.207177184636834, 4.262703285899725 ], [ -74.207614427923275, 4.263597074084016 ], [ -74.206050699067163, 4.265853081492101 ], [ -74.205704573696622, 4.26678000976665 ], [ -74.20549161907536, 4.268588501149085 ], [ -74.205672634995011, 4.269519846108833 ], [ -74.205844892340622, 4.269664096785172 ] ] ] } }
]
}
